gauge_code,category,tecnology,state,municipality,latitude,longitude,elevation,instalation_date,suspention_date,nat_region,hidrographic_area,hidrographic_zone,hidrographic_subzone,mean_gauges_v2,mean_gauges_v3,max_gauges_v2,max_gauges_v3,mean_gauges_v2_005,mean_gauges_v3_005,max_gauges_v2_005,max_gauges_v3_005,factor,year,month,pcp_ideam,pcp_ideam_flag,pcp_ideam_flag_scale,na_count_ideam,chirpv2,date,chirpv3,chirpsv2,chirpsv3
21120090,Pluviométrica,Convencional,Huila,Palermo,2.8703,-75.491,700,10/15/1971,,Andes,Magdalena Cauca,Alto Magdalena,Río Baché,6.28000020980835,10.6836366653442,15,15,0.597826063632965,0.811594188213348,1,1,1.07000005245209,2001,01,181,181,193.670009493828,0,123.663475036621,2001-01-01,118.967414855957,140.221008300781,151.559555053711
21120090,Pluviométrica,Convencional,Huila,Palermo,2.8703,-75.491,700,10/15/1971,,Andes,Magdalena Cauca,Alto Magdalena,Río Baché,6.28000020980835,10.6836366653442,15,15,0.597826063632965,0.811594188213348,1,1,1.05999994277954,2001,02,94,94,99.6399946212769,0,62.6167068481445,2001-02-01,52.2091636657715,71.4823837280274,71.6267318725586
21120090,Pluviométrica,Convencional,Huila,Palermo,2.8703,-75.491,700,10/15/1971,,Andes,Magdalena Cauca,Alto Magdalena,Río Baché,6.28000020980835,10.6836366653442,15,15,0.597826063632965,0.811594188213348,1,1,1.05999994277954,2001,03,152,152,161.11999130249,0,170.153533935547,2001-03-01,172.580368041992,183.346908569336,187.342529296875
21120090,Pluviométrica,Convencional,Huila,Palermo,2.8703,-75.491,700,10/15/1971,,Andes,Magdalena Cauca,Alto Magdalena,Río Baché,6.28000020980835,10.6836366653442,15,15,0.597826063632965,0.811594188213348,1,1,1.04999995231628,2001,04,77,77,80.8499963283539,0,95.8510437011719,2001-04-01,49.0454788208008,71.7297897338867,53.9290046691895
21120090,Pluviométrica,Convencional,Huila,Palermo,2.8703,-75.491,700,10/15/1971,,Andes,Magdalena Cauca,Alto Magdalena,Río Baché,6.28000020980835,10.6836366653442,15,15,0.597826063632965,0.811594188213348,1,1,1.05999994277954,2001,05,103,103,109.179994106293,0,158.183578491211,2001-05-01,125.489944458008,128.885894775391,109.284072875977
21120090,Pluviométrica,Convencional,Huila,Palermo,2.8703,-75.491,700,10/15/1971,,Andes,Magdalena Cauca,Alto Magdalena,Río Baché,6.28000020980835,10.6836366653442,15,15,0.597826063632965,0.811594188213348,1,1,1.07000005245209,2001,06,22,22,23.5400011539459,0,58.5079460144043,2001-06-01,21.9756469726563,39.6840972900391,25.0211334228516
21120090,Pluviométrica,Convencional,Huila,Palermo,2.8703,-75.491,700,10/15/1971,,Andes,Magdalena Cauca,Alto Magdalena,Río Baché,6.28000020980835,10.6836366653442,15,15,0.597826063632965,0.811594188213348,1,1,1.0900000333786,2001,07,62,62,67.5800020694733,0,51.6874465942383,2001-07-01,40.0973167419434,45.6814651489258,42.0588302612305
21120090,Pluviométrica,Convencional,Huila,Palermo,2.8703,-75.491,700,10/15/1971,,Andes,Magdalena Cauca,Alto Magdalena,Río Baché,6.28000020980835,10.6836366653442,15,15,0.597826063632965,0.811594188213348,1,1,1.0900000333786,2001,08,4,4,4.3600001335144,0,29.1471462249756,2001-08-01,0.483664304018021,18.3783550262451,0.637413382530212
21120090,Pluviométrica,Convencional,Huila,Palermo,2.8703,-75.491,700,10/15/1971,,Andes,Magdalena Cauca,Alto Magdalena,Río Baché,6.28000020980835,10.6836366653442,15,15,0.597826063632965,0.811594188213348,1,1,1.08000004291534,2001,09,86,86,92.8800036907196,0,101.189437866211,2001-09-01,84.299201965332,100.206214904785,76.9625549316406
21120090,Pluviométrica,Convencional,Huila,Palermo,2.8703,-75.491,700,10/15/1971,,Andes,Magdalena Cauca,Alto Magdalena,Río Baché,6.28000020980835,10.6836366653442,15,15,0.597826063632965,0.811594188213348,1,1,1.07000005245209,2001,10,223,223,238.610011696816,0,145.639572143555,2001-10-01,102.197601318359,147.73664855957,136.604568481445
21120090,Pluviométrica,Convencional,Huila,Palermo,2.8703,-75.491,700,10/15/1971,,Andes,Magdalena Cauca,Alto Magdalena,Río Baché,6.28000020980835,10.6836366653442,15,15,0.597826063632965,0.811594188213348,1,1,1.05999994277954,2001,11,455,455,482.299973964691,0,258.506683349609,2001-11-01,270.064605712891,277.220458984375,301.396759033203
21120090,Pluviométrica,Convencional,Huila,Palermo,2.8703,-75.491,700,10/15/1971,,Andes,Magdalena Cauca,Alto Magdalena,Río Baché,6.28000020980835,10.6836366653442,15,15,0.597826063632965,0.811594188213348,1,1,1.05999994277954,2001,12,270,270,286.199984550476,0,193.655303955078,2001-12-01,217.756530761719,199.40852355957,202.056289672852
21120090,Pluviométrica,Convencional,Huila,Palermo,2.8703,-75.491,700,10/15/1971,,Andes,Magdalena Cauca,Alto Magdalena,Río Baché,6.28000020980835,10.6836366653442,15,15,0.597826063632965,0.811594188213348,1,1,1.07000005245209,2002,01,42,42,44.9400022029877,0,89.5722579956055,2002-01-01,60.8447952270508,79.9179153442383,63.0574913024902
21120090,Pluviométrica,Convencional,Huila,Palermo,2.8703,-75.491,700,10/15/1971,,Andes,Magdalena Cauca,Alto Magdalena,Río Baché,6.28000020980835,10.6836366653442,15,15,0.597826063632965,0.811594188213348,1,1,1.05999994277954,2002,02,91,91,96.4599947929382,0,98.7623977661133,2002-02-01,136.656707763672,115.982002258301,133.619323730469
21120090,Pluviométrica,Convencional,Huila,Palermo,2.8703,-75.491,700,10/15/1971,,Andes,Magdalena Cauca,Alto Magdalena,Río Baché,6.28000020980835,10.6836366653442,15,15,0.597826063632965,0.811594188213348,1,1,1.05999994277954,2002,03,226,226,239.559987068176,0,194.895462036133,2002-03-01,217.817810058594,213.068069458008,222.310073852539
21120090,Pluviométrica,Convencional,Huila,Palermo,2.8703,-75.491,700,10/15/1971,,Andes,Magdalena Cauca,Alto Magdalena,Río Baché,6.28000020980835,10.6836366653442,15,15,0.597826063632965,0.811594188213348,1,1,1.04999995231628,2002,04,268,268,281.399987220764,0,220.855072021484,2002-04-01,223.466064453125,206.810577392578,203.867034912109
21120090,Pluviométrica,Convencional,Huila,Palermo,2.8703,-75.491,700,10/15/1971,,Andes,Magdalena Cauca,Alto Magdalena,Río Baché,6.28000020980835,10.6836366653442,15,15,0.597826063632965,0.811594188213348,1,1,1.05999994277954,2002,05,262,262,277.71998500824,0,184.067657470703,2002-05-01,167.117309570313,217.825592041016,205.966384887695
21120090,Pluviométrica,Convencional,Huila,Palermo,2.8703,-75.491,700,10/15/1971,,Andes,Magdalena Cauca,Alto Magdalena,Río Baché,6.28000020980835,10.6836366653442,15,15,0.597826063632965,0.811594188213348,1,1,1.07000005245209,2002,06,113,113,120.910005927086,0,94.2822647094727,2002-06-01,64.6559295654297,104.185585021973,87.8814544677734
21120090,Pluviométrica,Convencional,Huila,Palermo,2.8703,-75.491,700,10/15/1971,,Andes,Magdalena Cauca,Alto Magdalena,Río Baché,6.28000020980835,10.6836366653442,15,15,0.597826063632965,0.811594188213348,1,1,1.0900000333786,2002,07,31,31,33.7900010347366,0,50.705940246582,2002-07-01,37.3677749633789,47.8697929382324,37.7436180114746
21120090,Pluviométrica,Convencional,Huila,Palermo,2.8703,-75.491,700,10/15/1971,,Andes,Magdalena Cauca,Alto Magdalena,Río Baché,6.28000020980835,10.6836366653442,15,15,0.597826063632965,0.811594188213348,1,1,1.0900000333786,2002,08,22,22,23.9800007343292,0,44.9310417175293,2002-08-01,16.50856590271,35.8947372436523,19.6724319458008
21120090,Pluviométrica,Convencional,Huila,Palermo,2.8703,-75.491,700,10/15/1971,,Andes,Magdalena Cauca,Alto Magdalena,Río Baché,6.28000020980835,10.6836366653442,15,15,0.597826063632965,0.811594188213348,1,1,1.08000004291534,2002,09,45,45,48.6000019311905,0,67.6619262695313,2002-09-01,53.5648765563965,55.0711250305176,45.8680152893066
21120090,Pluviométrica,Convencional,Huila,Palermo,2.8703,-75.491,700,10/15/1971,,Andes,Magdalena Cauca,Alto Magdalena,Río Baché,6.28000020980835,10.6836366653442,15,15,0.597826063632965,0.811594188213348,1,1,1.07000005245209,2002,10,187,187,200.09000980854,0,180.204956054688,2002-10-01,144.906433105469,154.097534179688,144.26904296875
21120090,Pluviométrica,Convencional,Huila,Palermo,2.8703,-75.491,700,10/15/1971,,Andes,Magdalena Cauca,Alto Magdalena,Río Baché,6.28000020980835,10.6836366653442,15,15,0.597826063632965,0.811594188213348,1,1,1.05999994277954,2002,11,117,117,124.019993305206,0,96.4326324462891,2002-11-01,52.2953987121582,118.440116882324,104.288139343262
21120090,Pluviométrica,Convencional,Huila,Palermo,2.8703,-75.491,700,10/15/1971,,Andes,Magdalena Cauca,Alto Magdalena,Río Baché,6.28000020980835,10.6836366653442,15,15,0.597826063632965,0.811594188213348,1,1,1.05999994277954,2002,12,262,262,277.71998500824,0,220.152969360352,2002-12-01,296.344543457031,176.841735839844,198.995315551758
21120090,Pluviométrica,Convencional,Huila,Palermo,2.8703,-75.491,700,10/15/1971,,Andes,Magdalena Cauca,Alto Magdalena,Río Baché,6.28000020980835,10.6836366653442,15,15,0.597826063632965,0.811594188213348,1,1,1.07000005245209,2003,01,34,34,36.380001783371,0,109.447463989258,2003-01-01,83.5606689453125,83.9215087890625,68.5489501953125
21120090,Pluviométrica,Convencional,Huila,Palermo,2.8703,-75.491,700,10/15/1971,,Andes,Magdalena Cauca,Alto Magdalena,Río Baché,6.28000020980835,10.6836366653442,15,15,0.597826063632965,0.811594188213348,1,1,1.05999994277954,2003,02,123,123,130.379992961884,0,79.5080947875977,2003-02-01,86.1402359008789,99.4919815063477,100.726364135742
21120090,Pluviométrica,Convencional,Huila,Palermo,2.8703,-75.491,700,10/15/1971,,Andes,Magdalena Cauca,Alto Magdalena,Río Baché,6.28000020980835,10.6836366653442,15,15,0.597826063632965,0.811594188213348,1,1,1.05999994277954,2003,03,209,209,221.539988040924,0,165.09391784668,2003-03-01,168.658554077148,220.06315612793,220.810134887695
21120090,Pluviométrica,Convencional,Huila,Palermo,2.8703,-75.491,700,10/15/1971,,Andes,Magdalena Cauca,Alto Magdalena,Río Baché,6.28000020980835,10.6836366653442,15,15,0.597826063632965,0.811594188213348,1,1,1.04999995231628,2003,04,103,103,108.149995088577,0,173.248794555664,2003-04-01,154.884414672852,161.450469970703,154.016082763672
21120090,Pluviométrica,Convencional,Huila,Palermo,2.8703,-75.491,700,10/15/1971,,Andes,Magdalena Cauca,Alto Magdalena,Río Baché,6.28000020980835,10.6836366653442,15,15,0.597826063632965,0.811594188213348,1,1,1.05999994277954,2003,05,31,31,32.8599982261658,0,61.3106880187988,2003-05-01,26.9910049438477,46.6496467590332,28.2817058563232
21120090,Pluviométrica,Convencional,Huila,Palermo,2.8703,-75.491,700,10/15/1971,,Andes,Magdalena Cauca,Alto Magdalena,Río Baché,6.28000020980835,10.6836366653442,15,15,0.597826063632965,0.811594188213348,1,1,1.07000005245209,2003,06,160,160,171.200008392334,0,120.972434997559,2003-06-01,98.7600631713867,104.492729187012,91.1672515869141
21120090,Pluviométrica,Convencional,Huila,Palermo,2.8703,-75.491,700,10/15/1971,,Andes,Magdalena Cauca,Alto Magdalena,Río Baché,6.28000020980835,10.6836366653442,15,15,0.597826063632965,0.811594188213348,1,1,1.0900000333786,2003,07,7,7,7.63000023365021,0,27.9322319030762,2003-07-01,5.42653894424439,20.6768836975098,6.05761098861694
21120090,Pluviométrica,Convencional,Huila,Palermo,2.8703,-75.491,700,10/15/1971,,Andes,Magdalena Cauca,Alto Magdalena,Río Baché,6.28000020980835,10.6836366653442,15,15,0.597826063632965,0.811594188213348,1,1,1.0900000333786,2003,08,3,3,3.2700001001358,0,36.5284652709961,2003-08-01,7.47621011734009,15.2925891876221,4.23220729827881
21120090,Pluviométrica,Convencional,Huila,Palermo,2.8703,-75.491,700,10/15/1971,,Andes,Magdalena Cauca,Alto Magdalena,Río Baché,6.28000020980835,10.6836366653442,15,15,0.597826063632965,0.811594188213348,1,1,1.08000004291534,2003,09,224,224,241.920009613037,0,102.740608215332,2003-09-01,89.4135437011719,119.581161499023,105.048233032227
21120090,Pluviométrica,Convencional,Huila,Palermo,2.8703,-75.491,700,10/15/1971,,Andes,Magdalena Cauca,Alto Magdalena,Río Baché,6.28000020980835,10.6836366653442,15,15,0.597826063632965,0.811594188213348,1,1,1.07000005245209,2003,10,179,179,191.530009388924,0,229.205383300781,2003-10-01,205.160797119141,229.094650268555,218.65950012207
21120090,Pluviométrica,Convencional,Huila,Palermo,2.8703,-75.491,700,10/15/1971,,Andes,Magdalena Cauca,Alto Magdalena,Río Baché,6.28000020980835,10.6836366653442,15,15,0.597826063632965,0.811594188213348,1,1,1.05999994277954,2003,11,283,283,299.97998380661,0,252.498626708984,2003-11-01,262.768463134766,230.490020751953,237.329803466797
21120090,Pluviométrica,Convencional,Huila,Palermo,2.8703,-75.491,700,10/15/1971,,Andes,Magdalena Cauca,Alto Magdalena,Río Baché,6.28000020980835,10.6836366653442,15,15,0.597826063632965,0.811594188213348,1,1,1.05999994277954,2003,12,200,200,211.999988555908,0,196.908096313477,2003-12-01,226.602676391602,167.070098876953,175.155914306641
21120090,Pluviométrica,Convencional,Huila,Palermo,2.8703,-75.491,700,10/15/1971,,Andes,Magdalena Cauca,Alto Magdalena,Río Baché,6.28000020980835,10.6836366653442,15,15,0.597826063632965,0.811594188213348,1,1,1.07000005245209,2004,01,319,319,341.330016732216,0,222.880844116211,2004-01-01,223.916366577148,219.357971191406,208.65690612793
21120090,Pluviométrica,Convencional,Huila,Palermo,2.8703,-75.491,700,10/15/1971,,Andes,Magdalena Cauca,Alto Magdalena,Río Baché,6.28000020980835,10.6836366653442,15,15,0.597826063632965,0.811594188213348,1,1,1.05999994277954,2004,02,102,102,108.119994163513,0,95.4508972167969,2004-02-01,99.6266021728516,119.718635559082,118.257102966309
21120090,Pluviométrica,Convencional,Huila,Palermo,2.8703,-75.491,700,10/15/1971,,Andes,Magdalena Cauca,Alto Magdalena,Río Baché,6.28000020980835,10.6836366653442,15,15,0.597826063632965,0.811594188213348,1,1,1.05999994277954,2004,03,82,82,86.9199953079224,0,122.67790222168,2004-03-01,100.26774597168,84.820426940918,75.6770172119141
21120090,Pluviométrica,Convencional,Huila,Palermo,2.8703,-75.491,700,10/15/1971,,Andes,Magdalena Cauca,Alto Magdalena,Río Baché,6.28000020980835,10.6836366653442,15,15,0.597826063632965,0.811594188213348,1,1,1.04999995231628,2004,04,340,340,356.999983787537,0,250.530731201172,2004-04-01,261.178100585938,323.063507080078,316.075042724609
21120090,Pluviométrica,Convencional,Huila,Palermo,2.8703,-75.491,700,10/15/1971,,Andes,Magdalena Cauca,Alto Magdalena,Río Baché,6.28000020980835,10.6836366653442,15,15,0.597826063632965,0.811594188213348,1,1,1.05999994277954,2004,05,39,39,41.3399977684021,0,139.863479614258,2004-05-01,119.911178588867,73.7694854736328,64.0664825439453
21120090,Pluviométrica,Convencional,Huila,Palermo,2.8703,-75.491,700,10/15/1971,,Andes,Magdalena Cauca,Alto Magdalena,Río Baché,6.28000020980835,10.6836366653442,15,15,0.597826063632965,0.811594188213348,1,1,1.07000005245209,2004,06,10,10,10.7000005245209,0,43.6432266235352,2004-06-01,9.42655563354492,32.2473068237305,10.6820888519287
21120090,Pluviométrica,Convencional,Huila,Palermo,2.8703,-75.491,700,10/15/1971,,Andes,Magdalena Cauca,Alto Magdalena,Río Baché,6.28000020980835,10.6836366653442,15,15,0.597826063632965,0.811594188213348,1,1,1.0900000333786,2004,07,44,44,47.9600014686585,0,54.8462448120117,2004-07-01,50.55322265625,59.8779106140137,51.8228378295899
21120090,Pluviométrica,Convencional,Huila,Palermo,2.8703,-75.491,700,10/15/1971,,Andes,Magdalena Cauca,Alto Magdalena,Río Baché,6.28000020980835,10.6836366653442,15,15,0.597826063632965,0.811594188213348,1,1,1.0900000333786,2004,08,3,3,3.2700001001358,0,38.6571998596191,2004-08-01,9.60861206054688,19.675651550293,7.2051157951355
21120090,Pluviométrica,Convencional,Huila,Palermo,2.8703,-75.491,700,10/15/1971,,Andes,Magdalena Cauca,Alto Magdalena,Río Baché,6.28000020980835,10.6836366653442,15,15,0.597826063632965,0.811594188213348,1,1,1.08000004291534,2004,09,92,92,99.3600039482117,0,84.7133407592773,2004-09-01,63.0177345275879,78.0598907470703,64.924186706543
21120090,Pluviométrica,Convencional,Huila,Palermo,2.8703,-75.491,700,10/15/1971,,Andes,Magdalena Cauca,Alto Magdalena,Río Baché,6.28000020980835,10.6836366653442,15,15,0.597826063632965,0.811594188213348,1,1,1.07000005245209,2004,10,272,272,291.040014266968,0,273.343994140625,2004-10-01,278.380065917969,238.671096801758,238.192123413086
21120090,Pluviométrica,Convencional,Huila,Palermo,2.8703,-75.491,700,10/15/1971,,Andes,Magdalena Cauca,Alto Magdalena,Río Baché,6.28000020980835,10.6836366653442,15,15,0.597826063632965,0.811594188213348,1,1,1.05999994277954,2004,11,320,320,339.199981689453,0,276.348419189453,2004-11-01,279.461120605469,343.72998046875,347.278686523438
21120090,Pluviométrica,Convencional,Huila,Palermo,2.8703,-75.491,700,10/15/1971,,Andes,Magdalena Cauca,Alto Magdalena,Río Baché,6.28000020980835,10.6836366653442,15,15,0.597826063632965,0.811594188213348,1,1,1.05999994277954,2004,12,202,202,214.119988441467,0,157.295822143555,2004-12-01,156.816009521484,194.100067138672,196.392196655273
21120090,Pluviométrica,Convencional,Huila,Palermo,2.8703,-75.491,700,10/15/1971,,Andes,Magdalena Cauca,Alto Magdalena,Río Baché,6.28000020980835,10.6836366653442,15,15,0.597826063632965,0.811594188213348,1,1,1.07000005245209,2005,01,237,237,253.590012431145,0,163.424957275391,2005-01-01,146.944366455078,189.199401855469,179.010238647461
21120090,Pluviométrica,Convencional,Huila,Palermo,2.8703,-75.491,700,10/15/1971,,Andes,Magdalena Cauca,Alto Magdalena,Río Baché,6.28000020980835,10.6836366653442,15,15,0.597826063632965,0.811594188213348,1,1,1.05999994277954,2005,02,234,234,248.039986610413,0,139.623840332031,2005-02-01,207.037048339844,215.835479736328,230.06201171875
21120090,Pluviométrica,Convencional,Huila,Palermo,2.8703,-75.491,700,10/15/1971,,Andes,Magdalena Cauca,Alto Magdalena,Río Baché,6.28000020980835,10.6836366653442,15,15,0.597826063632965,0.811594188213348,1,1,1.05999994277954,2005,03,177,177,187.619989871979,0,141.439559936523,2005-03-01,136.353729248047,173.394149780273,170.801132202148
21120090,Pluviométrica,Convencional,Huila,Palermo,2.8703,-75.491,700,10/15/1971,,Andes,Magdalena Cauca,Alto Magdalena,Río Baché,6.28000020980835,10.6836366653442,15,15,0.597826063632965,0.811594188213348,1,1,1.04999995231628,2005,04,142,142,149.099993228912,0,202.890853881836,2005-04-01,207.346557617188,165.651077270508,166.965087890625
21120090,Pluviométrica,Convencional,Huila,Palermo,2.8703,-75.491,700,10/15/1971,,Andes,Magdalena Cauca,Alto Magdalena,Río Baché,6.28000020980835,10.6836366653442,15,15,0.597826063632965,0.811594188213348,1,1,1.05999994277954,2005,05,165,165,174.899990558624,0,176.03337097168,2005-05-01,148.271926879883,129.053070068359,109.917373657227
21120090,Pluviométrica,Convencional,Huila,Palermo,2.8703,-75.491,700,10/15/1971,,Andes,Magdalena Cauca,Alto Magdalena,Río Baché,6.28000020980835,10.6836366653442,15,15,0.597826063632965,0.811594188213348,1,1,1.07000005245209,2005,06,24,24,25.6800012588501,0,47.3261909484863,2005-06-01,14.2261486053467,32.4565277099609,17.3344917297363
21120090,Pluviométrica,Convencional,Huila,Palermo,2.8703,-75.491,700,10/15/1971,,Andes,Magdalena Cauca,Alto Magdalena,Río Baché,6.28000020980835,10.6836366653442,15,15,0.597826063632965,0.811594188213348,1,1,1.0900000333786,2005,07,14,14,15.2600004673004,0,72.9950256347656,2005-07-01,67.9185028076172,43.5687942504883,37.6358337402344
21120090,Pluviométrica,Convencional,Huila,Palermo,2.8703,-75.491,700,10/15/1971,,Andes,Magdalena Cauca,Alto Magdalena,Río Baché,6.28000020980835,10.6836366653442,15,15,0.597826063632965,0.811594188213348,1,1,1.0900000333786,2005,08,42,42,45.7800014019013,0,44.9142875671387,2005-08-01,15.2660999298096,45.5779228210449,26.9061908721924
21120090,Pluviométrica,Convencional,Huila,Palermo,2.8703,-75.491,700,10/15/1971,,Andes,Magdalena Cauca,Alto Magdalena,Río Baché,6.28000020980835,10.6836366653442,15,15,0.597826063632965,0.811594188213348,1,1,1.08000004291534,2005,09,45,45,48.6000019311905,0,95.6918334960938,2005-09-01,91.7154846191406,71.8684310913086,61.2566375732422
21120090,Pluviométrica,Convencional,Huila,Palermo,2.8703,-75.491,700,10/15/1971,,Andes,Magdalena Cauca,Alto Magdalena,Río Baché,6.28000020980835,10.6836366653442,15,15,0.597826063632965,0.811594188213348,1,1,1.07000005245209,2005,10,341,341,364.870017886162,0,184.734725952148,2005-10-01,168.171142578125,232.410552978516,227.79443359375
21120090,Pluviométrica,Convencional,Huila,Palermo,2.8703,-75.491,700,10/15/1971,,Andes,Magdalena Cauca,Alto Magdalena,Río Baché,6.28000020980835,10.6836366653442,15,15,0.597826063632965,0.811594188213348,1,1,1.05999994277954,2005,11,153,153,162.17999124527,0,227.350158691406,2005-11-01,216.747863769531,228.219360351563,223.797302246094
21120090,Pluviométrica,Convencional,Huila,Palermo,2.8703,-75.491,700,10/15/1971,,Andes,Magdalena Cauca,Alto Magdalena,Río Baché,6.28000020980835,10.6836366653442,15,15,0.597826063632965,0.811594188213348,1,1,1.05999994277954,2005,12,384,384,407.039978027344,0,195.616912841797,2005-12-01,231.726501464844,303.358734130859,334.045776367188
21120090,Pluviométrica,Convencional,Huila,Palermo,2.8703,-75.491,700,10/15/1971,,Andes,Magdalena Cauca,Alto Magdalena,Río Baché,6.28000020980835,10.6836366653442,15,15,0.597826063632965,0.811594188213348,1,1,1.07000005245209,2006,01,159,159,170.130008339882,0,174.737243652344,2006-01-01,178.930435180664,216.084289550781,212.107543945312
21120090,Pluviométrica,Convencional,Huila,Palermo,2.8703,-75.491,700,10/15/1971,,Andes,Magdalena Cauca,Alto Magdalena,Río Baché,6.28000020980835,10.6836366653442,15,15,0.597826063632965,0.811594188213348,1,1,1.05999994277954,2006,02,128,128,135.679992675781,0,112.744598388672,2006-02-01,147.106887817383,144.936370849609,147.044403076172
21120090,Pluviométrica,Convencional,Huila,Palermo,2.8703,-75.491,700,10/15/1971,,Andes,Magdalena Cauca,Alto Magdalena,Río Baché,6.28000020980835,10.6836366653442,15,15,0.597826063632965,0.811594188213348,1,1,1.05999994277954,2006,03,365,365,386.899979114533,0,208.87385559082,2006-03-01,240.069702148438,291.558258056641,296.216796875
21120090,Pluviométrica,Convencional,Huila,Palermo,2.8703,-75.491,700,10/15/1971,,Andes,Magdalena Cauca,Alto Magdalena,Río Baché,6.28000020980835,10.6836366653442,15,15,0.597826063632965,0.811594188213348,1,1,1.04999995231628,2006,04,365,365,383.249982595444,0,241.226745605469,2006-04-01,259.670837402344,285.681640625,290.587371826172
21120090,Pluviométrica,Convencional,Huila,Palermo,2.8703,-75.491,700,10/15/1971,,Andes,Magdalena Cauca,Alto Magdalena,Río Baché,6.28000020980835,10.6836366653442,15,15,0.597826063632965,0.811594188213348,1,1,1.05999994277954,2006,05,46,46,48.7599973678589,0,86.0504760742188,2006-05-01,52.0583572387695,58.3672256469727,38.9325790405273
21120090,Pluviométrica,Convencional,Huila,Palermo,2.8703,-75.491,700,10/15/1971,,Andes,Magdalena Cauca,Alto Magdalena,Río Baché,6.28000020980835,10.6836366653442,15,15,0.597826063632965,0.811594188213348,1,1,1.07000005245209,2006,06,57,57,60.990002989769,0,100.287719726563,2006-06-01,71.33740234375,81.5423355102539,70.0101470947266
21120090,Pluviométrica,Convencional,Huila,Palermo,2.8703,-75.491,700,10/15/1971,,Andes,Magdalena Cauca,Alto Magdalena,Río Baché,6.28000020980835,10.6836366653442,15,15,0.597826063632965,0.811594188213348,1,1,1.0900000333786,2006,07,27,27,29.4300009012222,0,52.0489959716797,2006-07-01,35.6865768432617,44.9353713989258,35.6006088256836
21120090,Pluviométrica,Convencional,Huila,Palermo,2.8703,-75.491,700,10/15/1971,,Andes,Magdalena Cauca,Alto Magdalena,Río Baché,6.28000020980835,10.6836366653442,15,15,0.597826063632965,0.811594188213348,1,1,1.0900000333786,2006,08,8,8,8.72000026702881,0,51.5505905151367,2006-08-01,21.8211708068848,27.0940666198731,15.2345180511475
21120090,Pluviométrica,Convencional,Huila,Palermo,2.8703,-75.491,700,10/15/1971,,Andes,Magdalena Cauca,Alto Magdalena,Río Baché,6.28000020980835,10.6836366653442,15,15,0.597826063632965,0.811594188213348,1,1,1.08000004291534,2006,09,64,64,69.120002746582,0,50.2733268737793,2006-09-01,32.0516242980957,45.8982620239258,31.8659934997559
21120090,Pluviométrica,Convencional,Huila,Palermo,2.8703,-75.491,700,10/15/1971,,Andes,Magdalena Cauca,Alto Magdalena,Río Baché,6.28000020980835,10.6836366653442,15,15,0.597826063632965,0.811594188213348,1,1,1.07000005245209,2006,10,252,252,269.640013217926,0,203.219299316406,2006-10-01,183.34700012207,213.227752685547,212.37727355957
21120090,Pluviométrica,Convencional,Huila,Palermo,2.8703,-75.491,700,10/15/1971,,Andes,Magdalena Cauca,Alto Magdalena,Río Baché,6.28000020980835,10.6836366653442,15,15,0.597826063632965,0.811594188213348,1,1,1.05999994277954,2006,11,397,397,420.819977283478,0,278.475036621094,2006-11-01,288.259124755859,313.053466796875,333.907409667969
21120090,Pluviométrica,Convencional,Huila,Palermo,2.8703,-75.491,700,10/15/1971,,Andes,Magdalena Cauca,Alto Magdalena,Río Baché,6.28000020980835,10.6836366653442,15,15,0.597826063632965,0.811594188213348,1,1,1.05999994277954,2006,12,266,266,281.959984779358,0,220.521957397461,2006-12-01,281.291229248047,224.055404663086,244.080764770508
21120090,Pluviométrica,Convencional,Huila,Palermo,2.8703,-75.491,700,10/15/1971,,Andes,Magdalena Cauca,Alto Magdalena,Río Baché,6.28000020980835,10.6836366653442,15,15,0.597826063632965,0.811594188213348,1,1,1.07000005245209,2007,01,85,85,90.9500044584274,0,113.230163574219,2007-01-01,98.1839599609375,105.649841308594,103.436874389648
21120090,Pluviométrica,Convencional,Huila,Palermo,2.8703,-75.491,700,10/15/1971,,Andes,Magdalena Cauca,Alto Magdalena,Río Baché,6.28000020980835,10.6836366653442,15,15,0.597826063632965,0.811594188213348,1,1,1.05999994277954,2007,02,57,57,60.4199967384338,0,70.6158142089844,2007-02-01,72.7276382446289,64.1467742919922,80.7801666259766
21120090,Pluviométrica,Convencional,Huila,Palermo,2.8703,-75.491,700,10/15/1971,,Andes,Magdalena Cauca,Alto Magdalena,Río Baché,6.28000020980835,10.6836366653442,15,15,0.597826063632965,0.811594188213348,1,1,1.05999994277954,2007,03,235,235,249.099986553192,0,158.127349853516,2007-03-01,163.536651611328,219.669464111328,222.592987060547
21120090,Pluviométrica,Convencional,Huila,Palermo,2.8703,-75.491,700,10/15/1971,,Andes,Magdalena Cauca,Alto Magdalena,Río Baché,6.28000020980835,10.6836366653442,15,15,0.597826063632965,0.811594188213348,1,1,1.04999995231628,2007,04,382,382,401.099981784821,0,198.077941894531,2007-04-01,197.660018920898,294.398803710938,309.889526367188
21120090,Pluviométrica,Convencional,Huila,Palermo,2.8703,-75.491,700,10/15/1971,,Andes,Magdalena Cauca,Alto Magdalena,Río Baché,6.28000020980835,10.6836366653442,15,15,0.597826063632965,0.811594188213348,1,1,1.05999994277954,2007,05,182,182,192.919989585876,0,144.439575195313,2007-05-01,123.834846496582,144.735488891602,128.268783569336
21120090,Pluviométrica,Convencional,Huila,Palermo,2.8703,-75.491,700,10/15/1971,,Andes,Magdalena Cauca,Alto Magdalena,Río Baché,6.28000020980835,10.6836366653442,15,15,0.597826063632965,0.811594188213348,1,1,1.07000005245209,2007,06,61,61,65.2700031995773,0,54.6539726257324,2007-06-01,18.7960968017578,56.1426582336426,32.7491493225098
21120090,Pluviométrica,Convencional,Huila,Palermo,2.8703,-75.491,700,10/15/1971,,Andes,Magdalena Cauca,Alto Magdalena,Río Baché,6.28000020980835,10.6836366653442,15,15,0.597826063632965,0.811594188213348,1,1,1.0900000333786,2007,07,25,25,27.250000834465,0,53.3161087036133,2007-07-01,41.0951843261719,47.360652923584,37.5820617675781
21120090,Pluviométrica,Convencional,Huila,Palermo,2.8703,-75.491,700,10/15/1971,,Andes,Magdalena Cauca,Alto Magdalena,Río Baché,6.28000020980835,10.6836366653442,15,15,0.597826063632965,0.811594188213348,1,1,1.0900000333786,2007,08,102,102,111.180003404617,0,56.5967483520508,2007-08-01,22.3663921356201,63.0026016235352,36.5686759948731
21120090,Pluviométrica,Convencional,Huila,Palermo,2.8703,-75.491,700,10/15/1971,,Andes,Magdalena Cauca,Alto Magdalena,Río Baché,6.28000020980835,10.6836366653442,15,15,0.597826063632965,0.811594188213348,1,1,1.08000004291534,2007,09,16,16,17.2800006866455,0,31.1412391662598,2007-09-01,12.5330181121826,25.273006439209,13.7132177352905
21120090,Pluviométrica,Convencional,Huila,Palermo,2.8703,-75.491,700,10/15/1971,,Andes,Magdalena Cauca,Alto Magdalena,Río Baché,6.28000020980835,10.6836366653442,15,15,0.597826063632965,0.811594188213348,1,1,1.07000005245209,2007,10,343,343,367.010017991066,0,299.160705566406,2007-10-01,305.083618164063,337.909851074219,334.277740478516
21120090,Pluviométrica,Convencional,Huila,Palermo,2.8703,-75.491,700,10/15/1971,,Andes,Magdalena Cauca,Alto Magdalena,Río Baché,6.28000020980835,10.6836366653442,15,15,0.597826063632965,0.811594188213348,1,1,1.05999994277954,2007,11,492,492,521.519971847534,0,176.495910644531,2007-11-01,141.454025268555,230.557815551758,223.420318603516
21120090,Pluviométrica,Convencional,Huila,Palermo,2.8703,-75.491,700,10/15/1971,,Andes,Magdalena Cauca,Alto Magdalena,Río Baché,6.28000020980835,10.6836366653442,15,15,0.597826063632965,0.811594188213348,1,1,1.05999994277954,2007,12,267,267,283.019984722137,0,214.517684936523,2007-12-01,266.372528076172,254.93473815918,274.712341308594
21120090,Pluviométrica,Convencional,Huila,Palermo,2.8703,-75.491,700,10/15/1971,,Andes,Magdalena Cauca,Alto Magdalena,Río Baché,6.28000020980835,10.6836366653442,15,15,0.597826063632965,0.811594188213348,1,1,1.07000005245209,2008,01,133,133,142.310006976128,0,191.898849487305,2008-01-01,184.933334350586,192.356185913086,174.108047485352
21120090,Pluviométrica,Convencional,Huila,Palermo,2.8703,-75.491,700,10/15/1971,,Andes,Magdalena Cauca,Alto Magdalena,Río Baché,6.28000020980835,10.6836366653442,15,15,0.597826063632965,0.811594188213348,1,1,1.05999994277954,2008,02,312,312,330.719982147217,0,133.7294921875,2008-02-01,182.526092529297,214.460052490234,249.082672119141
21120090,Pluviométrica,Convencional,Huila,Palermo,2.8703,-75.491,700,10/15/1971,,Andes,Magdalena Cauca,Alto Magdalena,Río Baché,6.28000020980835,10.6836366653442,15,15,0.597826063632965,0.811594188213348,1,1,1.05999994277954,2008,03,333,333,352.979980945587,0,199.806747436523,2008-03-01,229.758407592773,282.322479248047,303.335235595703
21120090,Pluviométrica,Convencional,Huila,Palermo,2.8703,-75.491,700,10/15/1971,,Andes,Magdalena Cauca,Alto Magdalena,Río Baché,6.28000020980835,10.6836366653442,15,15,0.597826063632965,0.811594188213348,1,1,1.04999995231628,2008,04,344,344,361.199983596802,0,178.949417114258,2008-04-01,185.015869140625,265.659790039063,288.8984375
21120090,Pluviométrica,Convencional,Huila,Palermo,2.8703,-75.491,700,10/15/1971,,Andes,Magdalena Cauca,Alto Magdalena,Río Baché,6.28000020980835,10.6836366653442,15,15,0.597826063632965,0.811594188213348,1,1,1.05999994277954,2008,05,312,312,330.719982147217,0,191.903656005859,2008-05-01,169.984893798828,240.901153564453,216.568817138672
21120090,Pluviométrica,Convencional,Huila,Palermo,2.8703,-75.491,700,10/15/1971,,Andes,Magdalena Cauca,Alto Magdalena,Río Baché,6.28000020980835,10.6836366653442,15,15,0.597826063632965,0.811594188213348,1,1,1.07000005245209,2008,06,38,38,40.6600019931793,0,61.0395660400391,2008-06-01,27.419755935669,39.5338134765625,22.1848564147949
21120090,Pluviométrica,Convencional,Huila,Palermo,2.8703,-75.491,700,10/15/1971,,Andes,Magdalena Cauca,Alto Magdalena,Río Baché,6.28000020980835,10.6836366653442,15,15,0.597826063632965,0.811594188213348,1,1,1.0900000333786,2008,07,51,51,55.5900017023087,0,60.6493072509766,2008-07-01,49.537712097168,65.0010757446289,54.182746887207
21120090,Pluviométrica,Convencional,Huila,Palermo,2.8703,-75.491,700,10/15/1971,,Andes,Magdalena Cauca,Alto Magdalena,Río Baché,6.28000020980835,10.6836366653442,15,15,0.597826063632965,0.811594188213348,1,1,1.0900000333786,2008,08,139,139,151.510004639626,0,81.6085662841797,2008-08-01,52.9616470336914,84.5905303955078,64.5633010864258
21120090,Pluviométrica,Convencional,Huila,Palermo,2.8703,-75.491,700,10/15/1971,,Andes,Magdalena Cauca,Alto Magdalena,Río Baché,6.28000020980835,10.6836366653442,15,15,0.597826063632965,0.811594188213348,1,1,1.08000004291534,2008,09,123,123,132.840005278587,0,92.5234680175781,2008-09-01,85.1464080810547,88.4889221191406,78.8426513671875
21120090,Pluviométrica,Convencional,Huila,Palermo,2.8703,-75.491,700,10/15/1971,,Andes,Magdalena Cauca,Alto Magdalena,Río Baché,6.28000020980835,10.6836366653442,15,15,0.597826063632965,0.811594188213348,1,1,1.07000005245209,2008,10,404,404,432.280021190643,0,241.206512451172,2008-10-01,227.128982543945,228.398315429688,228.457672119141
21120090,Pluviométrica,Convencional,Huila,Palermo,2.8703,-75.491,700,10/15/1971,,Andes,Magdalena Cauca,Alto Magdalena,Río Baché,6.28000020980835,10.6836366653442,15,15,0.597826063632965,0.811594188213348,1,1,1.05999994277954,2008,11,588,588,623.27996635437,0,275.556701660156,2008-11-01,295.965576171875,342.091094970703,368.122039794922
21120090,Pluviométrica,Convencional,Huila,Palermo,2.8703,-75.491,700,10/15/1971,,Andes,Magdalena Cauca,Alto Magdalena,Río Baché,6.28000020980835,10.6836366653442,15,15,0.597826063632965,0.811594188213348,1,1,1.05999994277954,2008,12,137,137,145.219992160797,0,146.812515258789,2008-12-01,117.113372802734,163.623947143555,159.003890991211
21120090,Pluviométrica,Convencional,Huila,Palermo,2.8703,-75.491,700,10/15/1971,,Andes,Magdalena Cauca,Alto Magdalena,Río Baché,6.28000020980835,10.6836366653442,15,15,0.597826063632965,0.811594188213348,1,1,1.07000005245209,2009,01,218,218,233.260011434555,0,253.135284423828,2009-01-01,272.549865722656,286.591613769531,259.430297851563
21120090,Pluviométrica,Convencional,Huila,Palermo,2.8703,-75.491,700,10/15/1971,,Andes,Magdalena Cauca,Alto Magdalena,Río Baché,6.28000020980835,10.6836366653442,15,15,0.597826063632965,0.811594188213348,1,1,1.05999994277954,2009,02,341.5,341.5,361.989980459213,0,139.634490966797,2009-02-01,216.364181518555,226.92643737793,260.534851074219
21120090,Pluviométrica,Convencional,Huila,Palermo,2.8703,-75.491,700,10/15/1971,,Andes,Magdalena Cauca,Alto Magdalena,Río Baché,6.28000020980835,10.6836366653442,15,15,0.597826063632965,0.811594188213348,1,1,1.05999994277954,2009,03,0,0,0,31,214.993179321289,2009-03-01,241.570098876953,328.174194335938,342.419067382813
21120090,Pluviométrica,Convencional,Huila,Palermo,2.8703,-75.491,700,10/15/1971,,Andes,Magdalena Cauca,Alto Magdalena,Río Baché,6.28000020980835,10.6836366653442,15,15,0.597826063632965,0.811594188213348,1,1,1.04999995231628,2009,04,188,188,197.399991035461,0,177.673095703125,2009-04-01,177.997741699219,177.942138671875,187.076477050781
21120090,Pluviométrica,Convencional,Huila,Palermo,2.8703,-75.491,700,10/15/1971,,Andes,Magdalena Cauca,Alto Magdalena,Río Baché,6.28000020980835,10.6836366653442,15,15,0.597826063632965,0.811594188213348,1,1,1.05999994277954,2009,05,112,112,118.719993591309,0,132.529739379883,2009-05-01,104.409629821777,128.31591796875,112.878631591797
21120090,Pluviométrica,Convencional,Huila,Palermo,2.8703,-75.491,700,10/15/1971,,Andes,Magdalena Cauca,Alto Magdalena,Río Baché,6.28000020980835,10.6836366653442,15,15,0.597826063632965,0.811594188213348,1,1,1.07000005245209,2009,06,13,13,13.9100006818771,0,66.6493835449219,2009-06-01,39.5685005187988,50.5179023742676,34.0234146118164
21120090,Pluviométrica,Convencional,Huila,Palermo,2.8703,-75.491,700,10/15/1971,,Andes,Magdalena Cauca,Alto Magdalena,Río Baché,6.28000020980835,10.6836366653442,15,15,0.597826063632965,0.811594188213348,1,1,1.0900000333786,2009,07,23,23,25.0700007677078,0,30.9084777832031,2009-07-01,8.84910297393799,29.6063022613525,12.5679168701172
21120090,Pluviométrica,Convencional,Huila,Palermo,2.8703,-75.491,700,10/15/1971,,Andes,Magdalena Cauca,Alto Magdalena,Río Baché,6.28000020980835,10.6836366653442,15,15,0.597826063632965,0.811594188213348,1,1,1.0900000333786,2009,08,16,16,17.4400005340576,0,62.4543342590332,2009-08-01,35.9184150695801,43.7954826354981,31.002986907959
21120090,Pluviométrica,Convencional,Huila,Palermo,2.8703,-75.491,700,10/15/1971,,Andes,Magdalena Cauca,Alto Magdalena,Río Baché,6.28000020980835,10.6836366653442,15,15,0.597826063632965,0.811594188213348,1,1,1.08000004291534,2009,09,21,21,22.6800009012222,0,79.5595550537109,2009-09-01,64.3934478759766,44.3000869750977,36.083984375
21120090,Pluviométrica,Convencional,Huila,Palermo,2.8703,-75.491,700,10/15/1971,,Andes,Magdalena Cauca,Alto Magdalena,Río Baché,6.28000020980835,10.6836366653442,15,15,0.597826063632965,0.811594188213348,1,1,1.07000005245209,2009,10,184,184,196.880009651184,0,185.688232421875,2009-10-01,162.002731323242,207.607177734375,212.618682861328
21120090,Pluviométrica,Convencional,Huila,Palermo,2.8703,-75.491,700,10/15/1971,,Andes,Magdalena Cauca,Alto Magdalena,Río Baché,6.28000020980835,10.6836366653442,15,15,0.597826063632965,0.811594188213348,1,1,1.05999994277954,2009,11,213,213,225.779987812042,0,193.434509277344,2009-11-01,179.996566772461,149.128463745117,152.04914855957
21120090,Pluviométrica,Convencional,Huila,Palermo,2.8703,-75.491,700,10/15/1971,,Andes,Magdalena Cauca,Alto Magdalena,Río Baché,6.28000020980835,10.6836366653442,15,15,0.597826063632965,0.811594188213348,1,1,1.05999994277954,2009,12,160,160,169.599990844727,0,143.670806884766,2009-12-01,122.917335510254,126.476913452148,134.086624145508
21120090,Pluviométrica,Convencional,Huila,Palermo,2.8703,-75.491,700,10/15/1971,,Andes,Magdalena Cauca,Alto Magdalena,Río Baché,6.28000020980835,10.6836366653442,15,15,0.597826063632965,0.811594188213348,1,1,1.07000005245209,2010,01,133,133,142.310006976128,0,142.150054931641,2010-01-01,119.723190307617,72.7678527832031,70.3837585449219
21120090,Pluviométrica,Convencional,Huila,Palermo,2.8703,-75.491,700,10/15/1971,,Andes,Magdalena Cauca,Alto Magdalena,Río Baché,6.28000020980835,10.6836366653442,15,15,0.597826063632965,0.811594188213348,1,1,1.05999994277954,2010,02,96,96,101.759994506836,0,165.789947509766,2010-02-01,249.166931152344,121.297302246094,139.666076660156
21120090,Pluviométrica,Convencional,Huila,Palermo,2.8703,-75.491,700,10/15/1971,,Andes,Magdalena Cauca,Alto Magdalena,Río Baché,6.28000020980835,10.6836366653442,15,15,0.597826063632965,0.811594188213348,1,1,1.05999994277954,2010,03,78,78,82.6799955368042,0,189.127868652344,2010-03-01,200.495407104492,105.573822021484,106.390022277832
21120090,Pluviométrica,Convencional,Huila,Palermo,2.8703,-75.491,700,10/15/1971,,Andes,Magdalena Cauca,Alto Magdalena,Río Baché,6.28000020980835,10.6836366653442,15,15,0.597826063632965,0.811594188213348,1,1,1.04999995231628,2010,04,228,228,239.399989128113,0,237.019104003906,2010-04-01,256.932495117188,250.745956420898,254.385971069336
21120090,Pluviométrica,Convencional,Huila,Palermo,2.8703,-75.491,700,10/15/1971,,Andes,Magdalena Cauca,Alto Magdalena,Río Baché,6.28000020980835,10.6836366653442,15,15,0.597826063632965,0.811594188213348,1,1,1.05999994277954,2010,05,175,175,185.49998998642,1,192.114364624023,2010-05-01,172.891754150391,247.318908691406,239.621566772461
21120090,Pluviométrica,Convencional,Huila,Palermo,2.8703,-75.491,700,10/15/1971,,Andes,Magdalena Cauca,Alto Magdalena,Río Baché,6.28000020980835,10.6836366653442,15,15,0.597826063632965,0.811594188213348,1,1,1.07000005245209,2010,06,75,75,80.2500039339066,0,73.9820861816406,2010-06-01,44.9596138000488,90.2406921386719,72.9080276489258
21120090,Pluviométrica,Convencional,Huila,Palermo,2.8703,-75.491,700,10/15/1971,,Andes,Magdalena Cauca,Alto Magdalena,Río Baché,6.28000020980835,10.6836366653442,15,15,0.597826063632965,0.811594188213348,1,1,1.0900000333786,2010,07,248,248,270.320008277893,0,95.1650085449219,2010-07-01,141.067840576172,145.529495239258,162.597564697266
21120090,Pluviométrica,Convencional,Huila,Palermo,2.8703,-75.491,700,10/15/1971,,Andes,Magdalena Cauca,Alto Magdalena,Río Baché,6.28000020980835,10.6836366653442,15,15,0.597826063632965,0.811594188213348,1,1,1.0900000333786,2010,08,0,0,0,0,53.7046585083008,2010-08-01,25.504472732544,21.6751823425293,13.1935348510742
21120090,Pluviométrica,Convencional,Huila,Palermo,2.8703,-75.491,700,10/15/1971,,Andes,Magdalena Cauca,Alto Magdalena,Río Baché,6.28000020980835,10.6836366653442,15,15,0.597826063632965,0.811594188213348,1,1,1.08000004291534,2010,09,156,156,168.480006694794,0,132.077529907227,2010-09-01,113.722343444824,107.910369873047,92.1212844848633
21120090,Pluviométrica,Convencional,Huila,Palermo,2.8703,-75.491,700,10/15/1971,,Andes,Magdalena Cauca,Alto Magdalena,Río Baché,6.28000020980835,10.6836366653442,15,15,0.597826063632965,0.811594188213348,1,1,1.07000005245209,2010,10,122,122,130.540006399155,0,302.939392089844,2010-10-01,311.906555175781,241.961837768555,244.18180847168
21120090,Pluviométrica,Convencional,Huila,Palermo,2.8703,-75.491,700,10/15/1971,,Andes,Magdalena Cauca,Alto Magdalena,Río Baché,6.28000020980835,10.6836366653442,15,15,0.597826063632965,0.811594188213348,1,1,1.05999994277954,2010,11,306,306,324.35998249054,0,314.734710693359,2010-11-01,329.305786132813,381.968017578125,393.610229492188
21120090,Pluviométrica,Convencional,Huila,Palermo,2.8703,-75.491,700,10/15/1971,,Andes,Magdalena Cauca,Alto Magdalena,Río Baché,6.28000020980835,10.6836366653442,15,15,0.597826063632965,0.811594188213348,1,1,1.05999994277954,2010,12,155,155,164.299991130829,0,293.531036376953,2010-12-01,423.212768554688,235.849166870117,260.903594970703
21120090,Pluviométrica,Convencional,Huila,Palermo,2.8703,-75.491,700,10/15/1971,,Andes,Magdalena Cauca,Alto Magdalena,Río Baché,6.28000020980835,10.6836366653442,15,15,0.597826063632965,0.811594188213348,1,1,1.07000005245209,2011,01,108,108,115.560005664825,0,102.187446594238,2011-01-01,85.0623474121094,130.618698120117,121.519943237305
21120090,Pluviométrica,Convencional,Huila,Palermo,2.8703,-75.491,700,10/15/1971,,Andes,Magdalena Cauca,Alto Magdalena,Río Baché,6.28000020980835,10.6836366653442,15,15,0.597826063632965,0.811594188213348,1,1,1.05999994277954,2011,02,322,322,341.319981575012,0,303.410583496094,2011-02-01,519.002075195313,292.717376708984,356.200561523438
21120090,Pluviométrica,Convencional,Huila,Palermo,2.8703,-75.491,700,10/15/1971,,Andes,Magdalena Cauca,Alto Magdalena,Río Baché,6.28000020980835,10.6836366653442,15,15,0.597826063632965,0.811594188213348,1,1,1.05999994277954,2011,03,263,263,278.779984951019,0,201.846145629883,2011-03-01,244.877899169922,248.238555908203,274.664093017578
21120090,Pluviométrica,Convencional,Huila,Palermo,2.8703,-75.491,700,10/15/1971,,Andes,Magdalena Cauca,Alto Magdalena,Río Baché,6.28000020980835,10.6836366653442,15,15,0.597826063632965,0.811594188213348,1,1,1.04999995231628,2011,04,602,602,632.099971294403,0,224.151702880859,2011-04-01,226.841506958008,396.187805175781,398.300476074219
21120090,Pluviométrica,Convencional,Huila,Palermo,2.8703,-75.491,700,10/15/1971,,Andes,Magdalena Cauca,Alto Magdalena,Río Baché,6.28000020980835,10.6836366653442,15,15,0.597826063632965,0.811594188213348,1,1,1.05999994277954,2011,05,216,216,228.959987640381,0,196.566360473633,2011-05-01,184.369903564453,224.347640991211,217.250686645508
21120090,Pluviométrica,Convencional,Huila,Palermo,2.8703,-75.491,700,10/15/1971,,Andes,Magdalena Cauca,Alto Magdalena,Río Baché,6.28000020980835,10.6836366653442,15,15,0.597826063632965,0.811594188213348,1,1,1.07000005245209,2011,06,137,137,146.590007185936,0,110.127090454102,2011-06-01,83.5890960693359,119.098770141602,113.682945251465
21120090,Pluviométrica,Convencional,Huila,Palermo,2.8703,-75.491,700,10/15/1971,,Andes,Magdalena Cauca,Alto Magdalena,Río Baché,6.28000020980835,10.6836366653442,15,15,0.597826063632965,0.811594188213348,1,1,1.0900000333786,2011,07,51,51,55.5900017023087,0,83.7091064453125,2011-07-01,88.7940902709961,82.9569244384766,85.7848510742188
21120090,Pluviométrica,Convencional,Huila,Palermo,2.8703,-75.491,700,10/15/1971,,Andes,Magdalena Cauca,Alto Magdalena,Río Baché,6.28000020980835,10.6836366653442,15,15,0.597826063632965,0.811594188213348,1,1,1.0900000333786,2011,08,9,9,9.81000030040741,0,58.0514640808106,2011-08-01,35.5999565124512,37.8779220581055,27.9572067260742
21120090,Pluviométrica,Convencional,Huila,Palermo,2.8703,-75.491,700,10/15/1971,,Andes,Magdalena Cauca,Alto Magdalena,Río Baché,6.28000020980835,10.6836366653442,15,15,0.597826063632965,0.811594188213348,1,1,1.08000004291534,2011,09,20,20,21.6000008583069,0,89.3497161865234,2011-09-01,68.6887512207031,59.8614692687988,44.9580612182617
21120090,Pluviométrica,Convencional,Huila,Palermo,2.8703,-75.491,700,10/15/1971,,Andes,Magdalena Cauca,Alto Magdalena,Río Baché,6.28000020980835,10.6836366653442,15,15,0.597826063632965,0.811594188213348,1,1,1.07000005245209,2011,10,202,202,216.140010595322,0,323.705963134766,2011-10-01,344.449890136719,226.359313964844,221.608779907227
21120090,Pluviométrica,Convencional,Huila,Palermo,2.8703,-75.491,700,10/15/1971,,Andes,Magdalena Cauca,Alto Magdalena,Río Baché,6.28000020980835,10.6836366653442,15,15,0.597826063632965,0.811594188213348,1,1,1.05999994277954,2011,11,591,591,626.459966182709,0,347.741821289063,2011-11-01,399.159027099609,372.616760253906,403.390319824219
21120090,Pluviométrica,Convencional,Huila,Palermo,2.8703,-75.491,700,10/15/1971,,Andes,Magdalena Cauca,Alto Magdalena,Río Baché,6.28000020980835,10.6836366653442,15,15,0.597826063632965,0.811594188213348,1,1,1.05999994277954,2011,12,448,448,474.879974365234,0,178.12646484375,2011-12-01,181.874069213867,325.408843994141,340.808715820313
21120090,Pluviométrica,Convencional,Huila,Palermo,2.8703,-75.491,700,10/15/1971,,Andes,Magdalena Cauca,Alto Magdalena,Río Baché,6.28000020980835,10.6836366653442,15,15,0.597826063632965,0.811594188213348,1,1,1.07000005245209,2012,01,320,320,342.400016784668,0,194.146331787109,2012-01-01,213.301498413086,255.326095581055,277.125122070313
21120090,Pluviométrica,Convencional,Huila,Palermo,2.8703,-75.491,700,10/15/1971,,Andes,Magdalena Cauca,Alto Magdalena,Río Baché,6.28000020980835,10.6836366653442,15,15,0.597826063632965,0.811594188213348,1,1,1.05999994277954,2012,02,54,54,57.2399969100952,0,78.7056198120117,2012-02-01,85.5184860229492,90.6184387207031,96.1133651733399
21120090,Pluviométrica,Convencional,Huila,Palermo,2.8703,-75.491,700,10/15/1971,,Andes,Magdalena Cauca,Alto Magdalena,Río Baché,6.28000020980835,10.6836366653442,15,15,0.597826063632965,0.811594188213348,1,1,1.05999994277954,2012,03,158,158,167.479990959167,0,153.967651367188,2012-03-01,155.818710327148,190.174255371094,191.768844604492
21120090,Pluviométrica,Convencional,Huila,Palermo,2.8703,-75.491,700,10/15/1971,,Andes,Magdalena Cauca,Alto Magdalena,Río Baché,6.28000020980835,10.6836366653442,15,15,0.597826063632965,0.811594188213348,1,1,1.04999995231628,2012,04,156,156,163.79999256134,0,231.453994750977,2012-04-01,246.496459960938,275.445129394531,289.157501220703
21120090,Pluviométrica,Convencional,Huila,Palermo,2.8703,-75.491,700,10/15/1971,,Andes,Magdalena Cauca,Alto Magdalena,Río Baché,6.28000020980835,10.6836366653442,15,15,0.597826063632965,0.811594188213348,1,1,1.05999994277954,2012,05,10,10,10.5999994277954,0,44.5131988525391,2012-05-01,7.90087795257568,37.7851295471191,14.3363847732544
21120090,Pluviométrica,Convencional,Huila,Palermo,2.8703,-75.491,700,10/15/1971,,Andes,Magdalena Cauca,Alto Magdalena,Río Baché,6.28000020980835,10.6836366653442,15,15,0.597826063632965,0.811594188213348,1,1,1.07000005245209,2012,06,15,15,16.0500007867813,0,63.9403915405273,2012-06-01,39.999382019043,33.0260620117188,24.5307292938232
21120090,Pluviométrica,Convencional,Huila,Palermo,2.8703,-75.491,700,10/15/1971,,Andes,Magdalena Cauca,Alto Magdalena,Río Baché,6.28000020980835,10.6836366653442,15,15,0.597826063632965,0.811594188213348,1,1,1.0900000333786,2012,07,5,5,5.45000016689301,0,30.5780258178711,2012-07-01,7.97786903381348,24.6072311401367,12.4004354476929
21120090,Pluviométrica,Convencional,Huila,Palermo,2.8703,-75.491,700,10/15/1971,,Andes,Magdalena Cauca,Alto Magdalena,Río Baché,6.28000020980835,10.6836366653442,15,15,0.597826063632965,0.811594188213348,1,1,1.0900000333786,2012,08,5,5,5.45000016689301,0,30.701192855835,2012-08-01,7.32834625244141,21.6054534912109,8.87846088409424
21120090,Pluviométrica,Convencional,Huila,Palermo,2.8703,-75.491,700,10/15/1971,,Andes,Magdalena Cauca,Alto Magdalena,Río Baché,6.28000020980835,10.6836366653442,15,15,0.597826063632965,0.811594188213348,1,1,1.08000004291534,2012,09,18,18,19.4400007724762,0,68.8790817260742,2012-09-01,55.1284484863281,31.7831840515137,26.0817031860352
21120090,Pluviométrica,Convencional,Huila,Palermo,2.8703,-75.491,700,10/15/1971,,Andes,Magdalena Cauca,Alto Magdalena,Río Baché,6.28000020980835,10.6836366653442,15,15,0.597826063632965,0.811594188213348,1,1,1.07000005245209,2012,10,165,165,176.550008654594,0,270.070281982422,2012-10-01,278.446441650391,213.778198242188,217.966918945313
21120090,Pluviométrica,Convencional,Huila,Palermo,2.8703,-75.491,700,10/15/1971,,Andes,Magdalena Cauca,Alto Magdalena,Río Baché,6.28000020980835,10.6836366653442,15,15,0.597826063632965,0.811594188213348,1,1,1.05999994277954,2012,11,373,318,337.079981803894,1,191.499923706055,2012-11-01,168.845245361328,271.056976318359,286.401153564453
21120090,Pluviométrica,Convencional,Huila,Palermo,2.8703,-75.491,700,10/15/1971,,Andes,Magdalena Cauca,Alto Magdalena,Río Baché,6.28000020980835,10.6836366653442,15,15,0.597826063632965,0.811594188213348,1,1,1.05999994277954,2012,12,228,228,241.679986953735,0,206.351531982422,2012-12-01,242.811813354492,224.736480712891,229.733245849609
21120090,Pluviométrica,Convencional,Huila,Palermo,2.8703,-75.491,700,10/15/1971,,Andes,Magdalena Cauca,Alto Magdalena,Río Baché,6.28000020980835,10.6836366653442,15,15,0.597826063632965,0.811594188213348,1,1,1.07000005245209,2013,01,50,50,53.5000026226044,0,106.482948303223,2013-01-01,94.6138305664063,122.447219848633,105.772521972656
21120090,Pluviométrica,Convencional,Huila,Palermo,2.8703,-75.491,700,10/15/1971,,Andes,Magdalena Cauca,Alto Magdalena,Río Baché,6.28000020980835,10.6836366653442,15,15,0.597826063632965,0.811594188213348,1,1,1.05999994277954,2013,02,318,318,337.079981803894,0,187.919982910156,2013-02-01,274.695404052734,271.57421875,298.626953125
21120090,Pluviométrica,Convencional,Huila,Palermo,2.8703,-75.491,700,10/15/1971,,Andes,Magdalena Cauca,Alto Magdalena,Río Baché,6.28000020980835,10.6836366653442,15,15,0.597826063632965,0.811594188213348,1,1,1.05999994277954,2013,03,152,152,161.11999130249,0,208.605361938477,2013-03-01,260.311309814453,157.82080078125,168.333312988281
21120090,Pluviométrica,Convencional,Huila,Palermo,2.8703,-75.491,700,10/15/1971,,Andes,Magdalena Cauca,Alto Magdalena,Río Baché,6.28000020980835,10.6836366653442,15,15,0.597826063632965,0.811594188213348,1,1,1.04999995231628,2013,04,45,45,47.2499978542328,0,193.100204467773,2013-04-01,181.836273193359,125.714645385742,117.277923583984
21120090,Pluviométrica,Convencional,Huila,Palermo,2.8703,-75.491,700,10/15/1971,,Andes,Magdalena Cauca,Alto Magdalena,Río Baché,6.28000020980835,10.6836366653442,15,15,0.597826063632965,0.811594188213348,1,1,1.05999994277954,2013,05,213,213,225.779987812042,0,175.603363037109,2013-05-01,148.181060791016,189.321746826172,173.157958984375
21120090,Pluviométrica,Convencional,Huila,Palermo,2.8703,-75.491,700,10/15/1971,,Andes,Magdalena Cauca,Alto Magdalena,Río Baché,6.28000020980835,10.6836366653442,15,15,0.597826063632965,0.811594188213348,1,1,1.07000005245209,2013,06,70,70,74.9000036716461,0,69.3444976806641,2013-06-01,36.9288558959961,50.7138671875,37.4559783935547
21120090,Pluviométrica,Convencional,Huila,Palermo,2.8703,-75.491,700,10/15/1971,,Andes,Magdalena Cauca,Alto Magdalena,Río Baché,6.28000020980835,10.6836366653442,15,15,0.597826063632965,0.811594188213348,1,1,1.0900000333786,2013,07,23,23,25.0700007677078,0,42.6711883544922,2013-07-01,30.7935771942139,32.7393531799316,26.0616321563721
21120090,Pluviométrica,Convencional,Huila,Palermo,2.8703,-75.491,700,10/15/1971,,Andes,Magdalena Cauca,Alto Magdalena,Río Baché,6.28000020980835,10.6836366653442,15,15,0.597826063632965,0.811594188213348,1,1,1.0900000333786,2013,08,45,45,49.0500015020371,0,76.2083892822266,2013-08-01,58.5641746520996,65.0277862548828,51.2323799133301
21120090,Pluviométrica,Convencional,Huila,Palermo,2.8703,-75.491,700,10/15/1971,,Andes,Magdalena Cauca,Alto Magdalena,Río Baché,6.28000020980835,10.6836366653442,15,15,0.597826063632965,0.811594188213348,1,1,1.08000004291534,2013,09,94,94,101.520004034042,0,93.450439453125,2013-09-01,65.3958587646484,95.4875106811524,76.5699462890625
21120090,Pluviométrica,Convencional,Huila,Palermo,2.8703,-75.491,700,10/15/1971,,Andes,Magdalena Cauca,Alto Magdalena,Río Baché,6.28000020980835,10.6836366653442,15,15,0.597826063632965,0.811594188213348,1,1,1.07000005245209,2013,10,119,119,127.330006241798,0,210.989288330078,2013-10-01,147.069976806641,177.03678894043,146.300765991211
21120090,Pluviométrica,Convencional,Huila,Palermo,2.8703,-75.491,700,10/15/1971,,Andes,Magdalena Cauca,Alto Magdalena,Río Baché,6.28000020980835,10.6836366653442,15,15,0.597826063632965,0.811594188213348,1,1,1.05999994277954,2013,11,108,108,114.47999382019,0,221.25651550293,2013-11-01,212.554870605469,235.511489868164,233.272216796875
21120090,Pluviométrica,Convencional,Huila,Palermo,2.8703,-75.491,700,10/15/1971,,Andes,Magdalena Cauca,Alto Magdalena,Río Baché,6.28000020980835,10.6836366653442,15,15,0.597826063632965,0.811594188213348,1,1,1.05999994277954,2013,12,156,156,165.359991073608,0,127.073127746582,2013-12-01,88.5283126831055,147.753662109375,138.619216918945
21120090,Pluviométrica,Convencional,Huila,Palermo,2.8703,-75.491,700,10/15/1971,,Andes,Magdalena Cauca,Alto Magdalena,Río Baché,6.28000020980835,10.6836366653442,15,15,0.597826063632965,0.811594188213348,1,1,1.07000005245209,2014,01,82,82,87.7400043010712,0,168.439086914063,2014-01-01,155.916213989258,146.884689331055,134.8046875
21120090,Pluviométrica,Convencional,Huila,Palermo,2.8703,-75.491,700,10/15/1971,,Andes,Magdalena Cauca,Alto Magdalena,Río Baché,6.28000020980835,10.6836366653442,15,15,0.597826063632965,0.811594188213348,1,1,1.05999994277954,2014,02,131,81,85.8599953651428,1,162.970794677734,2014-02-01,203.115280151367,165.673202514648,163.870941162109
21120090,Pluviométrica,Convencional,Huila,Palermo,2.8703,-75.491,700,10/15/1971,,Andes,Magdalena Cauca,Alto Magdalena,Río Baché,6.28000020980835,10.6836366653442,15,15,0.597826063632965,0.811594188213348,1,1,1.05999994277954,2014,03,170,170,180.199990272522,0,233.506500244141,2014-03-01,277.119750976563,248.181198120117,245.907562255859
21120090,Pluviométrica,Convencional,Huila,Palermo,2.8703,-75.491,700,10/15/1971,,Andes,Magdalena Cauca,Alto Magdalena,Río Baché,6.28000020980835,10.6836366653442,15,15,0.597826063632965,0.811594188213348,1,1,1.04999995231628,2014,04,45,45,47.2499978542328,0,103.949111938477,2014-04-01,66.3527450561524,73.0907974243164,60.7313842773438
21120090,Pluviométrica,Convencional,Huila,Palermo,2.8703,-75.491,700,10/15/1971,,Andes,Magdalena Cauca,Alto Magdalena,Río Baché,6.28000020980835,10.6836366653442,15,15,0.597826063632965,0.811594188213348,1,1,1.05999994277954,2014,05,289,289,306.339983463287,0,156.059692382813,2014-05-01,116.608688354492,193.389251708984,166.96142578125
21120090,Pluviométrica,Convencional,Huila,Palermo,2.8703,-75.491,700,10/15/1971,,Andes,Magdalena Cauca,Alto Magdalena,Río Baché,6.28000020980835,10.6836366653442,15,15,0.597826063632965,0.811594188213348,1,1,1.07000005245209,2014,06,43,43,46.0100022554398,0,58.9670066833496,2014-06-01,26.1135082244873,44.2818374633789,30.1730842590332
21120090,Pluviométrica,Convencional,Huila,Palermo,2.8703,-75.491,700,10/15/1971,,Andes,Magdalena Cauca,Alto Magdalena,Río Baché,6.28000020980835,10.6836366653442,15,15,0.597826063632965,0.811594188213348,1,1,1.0900000333786,2014,07,5,5,5.45000016689301,0,25.7524662017822,2014-07-01,3.6827507019043,22.711088180542,5.7849645614624
21120090,Pluviométrica,Convencional,Huila,Palermo,2.8703,-75.491,700,10/15/1971,,Andes,Magdalena Cauca,Alto Magdalena,Río Baché,6.28000020980835,10.6836366653442,15,15,0.597826063632965,0.811594188213348,1,1,1.0900000333786,2014,08,0,0,0,0,39.9120178222656,2014-08-01,11.6509408950806,22.9154033660889,9.02114009857178
21120090,Pluviométrica,Convencional,Huila,Palermo,2.8703,-75.491,700,10/15/1971,,Andes,Magdalena Cauca,Alto Magdalena,Río Baché,6.28000020980835,10.6836366653442,15,15,0.597826063632965,0.811594188213348,1,1,1.08000004291534,2014,09,27,27,29.1600011587143,0,52.7665023803711,2014-09-01,31.4421787261963,47.5166206359863,29.7652263641357
21120090,Pluviométrica,Convencional,Huila,Palermo,2.8703,-75.491,700,10/15/1971,,Andes,Magdalena Cauca,Alto Magdalena,Río Baché,6.28000020980835,10.6836366653442,15,15,0.597826063632965,0.811594188213348,1,1,1.07000005245209,2014,10,235,235,251.450012326241,0,148.135818481445,2014-10-01,90.9981842041016,181.588745117188,158.44270324707
21120090,Pluviométrica,Convencional,Huila,Palermo,2.8703,-75.491,700,10/15/1971,,Andes,Magdalena Cauca,Alto Magdalena,Río Baché,6.28000020980835,10.6836366653442,15,15,0.597826063632965,0.811594188213348,1,1,1.05999994277954,2014,11,241,241,255.459986209869,0,245.771377563477,2014-11-01,232.027938842773,198.087036132813,213.170425415039
21120090,Pluviométrica,Convencional,Huila,Palermo,2.8703,-75.491,700,10/15/1971,,Andes,Magdalena Cauca,Alto Magdalena,Río Baché,6.28000020980835,10.6836366653442,15,15,0.597826063632965,0.811594188213348,1,1,1.05999994277954,2014,12,63,63,66.7799963951111,0,170.293212890625,2014-12-01,188.419784545898,167.312728881836,141.085098266602
21120090,Pluviométrica,Convencional,Huila,Palermo,2.8703,-75.491,700,10/15/1971,,Andes,Magdalena Cauca,Alto Magdalena,Río Baché,6.28000020980835,10.6836366653442,15,15,0.597826063632965,0.811594188213348,1,1,1.07000005245209,2015,01,127,127,135.890006661415,0,190.010345458984,2015-01-01,201.265609741211,80.5320129394531,126.436698913574
21120090,Pluviométrica,Convencional,Huila,Palermo,2.8703,-75.491,700,10/15/1971,,Andes,Magdalena Cauca,Alto Magdalena,Río Baché,6.28000020980835,10.6836366653442,15,15,0.597826063632965,0.811594188213348,1,1,1.05999994277954,2015,02,99,99,104.939994335175,0,130.142364501953,2015-02-01,145.043472290039,83.7042770385742,120.031494140625
21120090,Pluviométrica,Convencional,Huila,Palermo,2.8703,-75.491,700,10/15/1971,,Andes,Magdalena Cauca,Alto Magdalena,Río Baché,6.28000020980835,10.6836366653442,15,15,0.597826063632965,0.811594188213348,1,1,1.05999994277954,2015,03,256,256,271.359985351563,0,166.506408691406,2015-03-01,169.83381652832,164.405715942383,205.64958190918
21120090,Pluviométrica,Convencional,Huila,Palermo,2.8703,-75.491,700,10/15/1971,,Andes,Magdalena Cauca,Alto Magdalena,Río Baché,6.28000020980835,10.6836366653442,15,15,0.597826063632965,0.811594188213348,1,1,1.04999995231628,2015,04,21,21,22.049998998642,0,116.700508117676,2015-04-01,80.9262084960938,86.9746170043945,91.2179489135742
21120090,Pluviométrica,Convencional,Huila,Palermo,2.8703,-75.491,700,10/15/1971,,Andes,Magdalena Cauca,Alto Magdalena,Río Baché,6.28000020980835,10.6836366653442,15,15,0.597826063632965,0.811594188213348,1,1,1.05999994277954,2015,05,34,34,36.0399980545044,0,75.4670486450195,2015-05-01,38.7219161987305,28.3352851867676,28.865894317627
21120090,Pluviométrica,Convencional,Huila,Palermo,2.8703,-75.491,700,10/15/1971,,Andes,Magdalena Cauca,Alto Magdalena,Río Baché,6.28000020980835,10.6836366653442,15,15,0.597826063632965,0.811594188213348,1,1,1.07000005245209,2015,06,53,53,56.7100027799606,0,46.2608299255371,2015-06-01,7.79262399673462,20.0950393676758,12.9071397781372
21120090,Pluviométrica,Convencional,Huila,Palermo,2.8703,-75.491,700,10/15/1971,,Andes,Magdalena Cauca,Alto Magdalena,Río Baché,6.28000020980835,10.6836366653442,15,15,0.597826063632965,0.811594188213348,1,1,1.0900000333786,2015,07,4,4,4.3600001335144,0,26.5996398925781,2015-07-01,4.45934009552002,13.1971426010132,5.69297790527344
21120090,Pluviométrica,Convencional,Huila,Palermo,2.8703,-75.491,700,10/15/1971,,Andes,Magdalena Cauca,Alto Magdalena,Río Baché,6.28000020980835,10.6836366653442,15,15,0.597826063632965,0.811594188213348,1,1,1.0900000333786,2015,08,0,0,0,0,37.3130226135254,2015-08-01,7.54365968704224,15.9947376251221,8.26676464080811
21120090,Pluviométrica,Convencional,Huila,Palermo,2.8703,-75.491,700,10/15/1971,,Andes,Magdalena Cauca,Alto Magdalena,Río Baché,6.28000020980835,10.6836366653442,15,15,0.597826063632965,0.811594188213348,1,1,1.08000004291534,2015,09,43,43,46.4400018453598,0,32.766716003418,2015-09-01,10.172399520874,15.7797336578369,15.908576965332
21120090,Pluviométrica,Convencional,Huila,Palermo,2.8703,-75.491,700,10/15/1971,,Andes,Magdalena Cauca,Alto Magdalena,Río Baché,6.28000020980835,10.6836366653442,15,15,0.597826063632965,0.811594188213348,1,1,1.07000005245209,2015,10,132,132,141.240006923676,0,141.770111083984,2015-10-01,87.6604995727539,50.9929161071777,76.6056594848633
21120090,Pluviométrica,Convencional,Huila,Palermo,2.8703,-75.491,700,10/15/1971,,Andes,Magdalena Cauca,Alto Magdalena,Río Baché,6.28000020980835,10.6836366653442,15,15,0.597826063632965,0.811594188213348,1,1,1.05999994277954,2015,11,99,99,104.939994335175,0,156.489273071289,2015-11-01,127.527404785156,125.648750305176,148.010055541992
21120090,Pluviométrica,Convencional,Huila,Palermo,2.8703,-75.491,700,10/15/1971,,Andes,Magdalena Cauca,Alto Magdalena,Río Baché,6.28000020980835,10.6836366653442,15,15,0.597826063632965,0.811594188213348,1,1,1.05999994277954,2015,12,15,15,15.8999991416931,0,102.987350463867,2015-12-01,36.2201957702637,102.987350463867,16.501220703125
21120090,Pluviométrica,Convencional,Huila,Palermo,2.8703,-75.491,700,10/15/1971,,Andes,Magdalena Cauca,Alto Magdalena,Río Baché,6.28000020980835,10.6836366653442,15,15,0.597826063632965,0.811594188213348,1,1,1.07000005245209,2016,01,31,31,33.1700016260147,0,95.2340087890625,2016-01-01,81.1816864013672,45.7232818603516,72.0510864257813
21120090,Pluviométrica,Convencional,Huila,Palermo,2.8703,-75.491,700,10/15/1971,,Andes,Magdalena Cauca,Alto Magdalena,Río Baché,6.28000020980835,10.6836366653442,15,15,0.597826063632965,0.811594188213348,1,1,1.05999994277954,2016,02,40,40,42.3999977111816,0,93.9912872314453,2016-02-01,84.429557800293,32.0919876098633,114.169067382813
21120090,Pluviométrica,Convencional,Huila,Palermo,2.8703,-75.491,700,10/15/1971,,Andes,Magdalena Cauca,Alto Magdalena,Río Baché,6.28000020980835,10.6836366653442,15,15,0.597826063632965,0.811594188213348,1,1,1.05999994277954,2016,03,132,132,139.919992446899,0,193.109512329102,2016-03-01,221.759582519531,150.62336730957,172.506332397461
21120090,Pluviométrica,Convencional,Huila,Palermo,2.8703,-75.491,700,10/15/1971,,Andes,Magdalena Cauca,Alto Magdalena,Río Baché,6.28000020980835,10.6836366653442,15,15,0.597826063632965,0.811594188213348,1,1,1.04999995231628,2016,04,147,147,154.349992990494,0,177.104736328125,2016-04-01,172.045867919922,166.129013061523,185.800720214844
21120090,Pluviométrica,Convencional,Huila,Palermo,2.8703,-75.491,700,10/15/1971,,Andes,Magdalena Cauca,Alto Magdalena,Río Baché,6.28000020980835,10.6836366653442,15,15,0.597826063632965,0.811594188213348,1,1,1.05999994277954,2016,05,86,86,91.1599950790405,0,141.900161743164,2016-05-01,110.737525939941,126.711502075195,120.91382598877
21120090,Pluviométrica,Convencional,Huila,Palermo,2.8703,-75.491,700,10/15/1971,,Andes,Magdalena Cauca,Alto Magdalena,Río Baché,6.28000020980835,10.6836366653442,15,15,0.597826063632965,0.811594188213348,1,1,1.07000005245209,2016,06,16,16,17.1200008392334,0,43.3815841674805,2016-06-01,4.79867362976074,31.2508964538574,11.6052122116089
21120090,Pluviométrica,Convencional,Huila,Palermo,2.8703,-75.491,700,10/15/1971,,Andes,Magdalena Cauca,Alto Magdalena,Río Baché,6.28000020980835,10.6836366653442,15,15,0.597826063632965,0.811594188213348,1,1,1.0900000333786,2016,07,30,30,32.700001001358,0,40.8576622009277,2016-07-01,20.835506439209,34.5866737365723,17.8948230743408
21120090,Pluviométrica,Convencional,Huila,Palermo,2.8703,-75.491,700,10/15/1971,,Andes,Magdalena Cauca,Alto Magdalena,Río Baché,6.28000020980835,10.6836366653442,15,15,0.597826063632965,0.811594188213348,1,1,1.0900000333786,2016,08,0,0,0,0,47.7278785705566,2016-08-01,19.2125015258789,27.3866672515869,15.969612121582
21120090,Pluviométrica,Convencional,Huila,Palermo,2.8703,-75.491,700,10/15/1971,,Andes,Magdalena Cauca,Alto Magdalena,Río Baché,6.28000020980835,10.6836366653442,15,15,0.597826063632965,0.811594188213348,1,1,1.08000004291534,2016,09,71,71,76.6800030469894,0,97.7780685424805,2016-09-01,72.4169845581055,89.2013397216797,74.9561309814453
21120090,Pluviométrica,Convencional,Huila,Palermo,2.8703,-75.491,700,10/15/1971,,Andes,Magdalena Cauca,Alto Magdalena,Río Baché,6.28000020980835,10.6836366653442,15,15,0.597826063632965,0.811594188213348,1,1,1.07000005245209,2016,10,80,80,85.600004196167,0,181.527679443359,2016-10-01,134.652938842773,134.128814697266,125.146339416504
21120090,Pluviométrica,Convencional,Huila,Palermo,2.8703,-75.491,700,10/15/1971,,Andes,Magdalena Cauca,Alto Magdalena,Río Baché,6.28000020980835,10.6836366653442,15,15,0.597826063632965,0.811594188213348,1,1,1.05999994277954,2016,11,335,335,355.099980831146,0,259.564605712891,2016-11-01,268.801025390625,254.099090576172,280.076782226563
21120090,Pluviométrica,Convencional,Huila,Palermo,2.8703,-75.491,700,10/15/1971,,Andes,Magdalena Cauca,Alto Magdalena,Río Baché,6.28000020980835,10.6836366653442,15,15,0.597826063632965,0.811594188213348,1,1,1.05999994277954,2016,12,344,344,364.639980316162,0,198.75,2016-12-01,221.670074462891,198.498229980469,268.191345214844
21120090,Pluviométrica,Convencional,Huila,Palermo,2.8703,-75.491,700,10/15/1971,,Andes,Magdalena Cauca,Alto Magdalena,Río Baché,6.28000020980835,10.6836366653442,15,15,0.597826063632965,0.811594188213348,1,1,1.07000005245209,2017,01,116,116,124.120006084442,0,155.039993286133,2017-01-01,165.746826171875,147.589324951172,170.748321533203
21120090,Pluviométrica,Convencional,Huila,Palermo,2.8703,-75.491,700,10/15/1971,,Andes,Magdalena Cauca,Alto Magdalena,Río Baché,6.28000020980835,10.6836366653442,15,15,0.597826063632965,0.811594188213348,1,1,1.05999994277954,2017,02,214,214,226.839987754822,0,136.710571289063,2017-02-01,172.839508056641,154.6298828125,195.064514160156
21120090,Pluviométrica,Convencional,Huila,Palermo,2.8703,-75.491,700,10/15/1971,,Andes,Magdalena Cauca,Alto Magdalena,Río Baché,6.28000020980835,10.6836366653442,15,15,0.597826063632965,0.811594188213348,1,1,1.05999994277954,2017,03,442,367,389.019979000092,1,277.799163818359,2017-03-01,338.837097167969,339.584381103516,379.18115234375
21120090,Pluviométrica,Convencional,Huila,Palermo,2.8703,-75.491,700,10/15/1971,,Andes,Magdalena Cauca,Alto Magdalena,Río Baché,6.28000020980835,10.6836366653442,15,15,0.597826063632965,0.811594188213348,1,1,1.04999995231628,2017,04,153,153,160.649992704391,0,185.828582763672,2017-04-01,174.094451904297,171.732238769531,156.189575195313
21120090,Pluviométrica,Convencional,Huila,Palermo,2.8703,-75.491,700,10/15/1971,,Andes,Magdalena Cauca,Alto Magdalena,Río Baché,6.28000020980835,10.6836366653442,15,15,0.597826063632965,0.811594188213348,1,1,1.05999994277954,2017,05,197,197,208.81998872757,0,205.201507568359,2017-05-01,193.228332519531,263.649322509766,245.660263061523
21120090,Pluviométrica,Convencional,Huila,Palermo,2.8703,-75.491,700,10/15/1971,,Andes,Magdalena Cauca,Alto Magdalena,Río Baché,6.28000020980835,10.6836366653442,15,15,0.597826063632965,0.811594188213348,1,1,1.07000005245209,2017,06,93,93,99.5100048780441,0,116.96989440918,2017-06-01,92.6981658935547,73.1408386230469,76.5928192138672
21120090,Pluviométrica,Convencional,Huila,Palermo,2.8703,-75.491,700,10/15/1971,,Andes,Magdalena Cauca,Alto Magdalena,Río Baché,6.28000020980835,10.6836366653442,15,15,0.597826063632965,0.811594188213348,1,1,1.0900000333786,2017,07,12,12,13.0800004005432,0,25.8237266540527,2017-07-01,3.11692142486572,19.7424964904785,4.15603303909302
21120090,Pluviométrica,Convencional,Huila,Palermo,2.8703,-75.491,700,10/15/1971,,Andes,Magdalena Cauca,Alto Magdalena,Río Baché,6.28000020980835,10.6836366653442,15,15,0.597826063632965,0.811594188213348,1,1,1.0900000333786,2017,08,2,2,2.1800000667572,0,65.0696716308594,2017-08-01,38.8804931640625,42.912239074707,32.8106536865234
21120090,Pluviométrica,Convencional,Huila,Palermo,2.8703,-75.491,700,10/15/1971,,Andes,Magdalena Cauca,Alto Magdalena,Río Baché,6.28000020980835,10.6836366653442,15,15,0.597826063632965,0.811594188213348,1,1,1.08000004291534,2017,09,0,0,0,0,65.6392135620117,2017-09-01,39.2192192077637,40.5110511779785,26.1075897216797
21120090,Pluviométrica,Convencional,Huila,Palermo,2.8703,-75.491,700,10/15/1971,,Andes,Magdalena Cauca,Alto Magdalena,Río Baché,6.28000020980835,10.6836366653442,15,15,0.597826063632965,0.811594188213348,1,1,1.07000005245209,2017,10,121,121,129.470006346703,0,238.094879150391,2017-10-01,201.804901123047,185.310333251953,165.644134521484
21120090,Pluviométrica,Convencional,Huila,Palermo,2.8703,-75.491,700,10/15/1971,,Andes,Magdalena Cauca,Alto Magdalena,Río Baché,6.28000020980835,10.6836366653442,15,15,0.597826063632965,0.811594188213348,1,1,1.05999994277954,2017,11,173,173,183.379990100861,2,270.184753417969,2017-11-01,274.961181640625,287.589416503906,269.572387695313
21120090,Pluviométrica,Convencional,Huila,Palermo,2.8703,-75.491,700,10/15/1971,,Andes,Magdalena Cauca,Alto Magdalena,Río Baché,6.28000020980835,10.6836366653442,15,15,0.597826063632965,0.811594188213348,1,1,1.05999994277954,2017,12,305,305,323.29998254776,2,167.320846557617,2017-12-01,163.678329467773,211.966522216797,240.571426391602
21120090,Pluviométrica,Convencional,Huila,Palermo,2.8703,-75.491,700,10/15/1971,,Andes,Magdalena Cauca,Alto Magdalena,Río Baché,6.28000020980835,10.6836366653442,15,15,0.597826063632965,0.811594188213348,1,1,1.07000005245209,2018,01,40,40,42.8000020980835,0,151.546173095703,2018-01-01,162.392623901367,164.796813964844,167.620178222656
21120090,Pluviométrica,Convencional,Huila,Palermo,2.8703,-75.491,700,10/15/1971,,Andes,Magdalena Cauca,Alto Magdalena,Río Baché,6.28000020980835,10.6836366653442,15,15,0.597826063632965,0.811594188213348,1,1,1.05999994277954,2018,02,60,0,0,1,90.6967086791992,2018-02-01,80.5331573486328,118.293418884277,116.437515258789
21120090,Pluviométrica,Convencional,Huila,Palermo,2.8703,-75.491,700,10/15/1971,,Andes,Magdalena Cauca,Alto Magdalena,Río Baché,6.28000020980835,10.6836366653442,15,15,0.597826063632965,0.811594188213348,1,1,1.05999994277954,2018,03,155,155,164.299991130829,1,148.569778442383,2018-03-01,149.555419921875,137.117065429688,207.765350341797
21120090,Pluviométrica,Convencional,Huila,Palermo,2.8703,-75.491,700,10/15/1971,,Andes,Magdalena Cauca,Alto Magdalena,Río Baché,6.28000020980835,10.6836366653442,15,15,0.597826063632965,0.811594188213348,1,1,1.04999995231628,2018,04,220,60,62.9999971389771,2,196.495681762695,2018-04-01,197.965103149414,177.653411865234,196.317260742188
21120090,Pluviométrica,Convencional,Huila,Palermo,2.8703,-75.491,700,10/15/1971,,Andes,Magdalena Cauca,Alto Magdalena,Río Baché,6.28000020980835,10.6836366653442,15,15,0.597826063632965,0.811594188213348,1,1,1.05999994277954,2018,05,260,40,42.3999977111816,2,116.77033996582,2018-05-01,86.4592819213867,119.654945373535,126.391098022461
21120090,Pluviométrica,Convencional,Huila,Palermo,2.8703,-75.491,700,10/15/1971,,Andes,Magdalena Cauca,Alto Magdalena,Río Baché,6.28000020980835,10.6836366653442,15,15,0.597826063632965,0.811594188213348,1,1,1.07000005245209,2018,06,0,0,0,0,68.9540939331055,2018-06-01,34.5488548278809,46.9561576843262,37.6181030273438
21120090,Pluviométrica,Convencional,Huila,Palermo,2.8703,-75.491,700,10/15/1971,,Andes,Magdalena Cauca,Alto Magdalena,Río Baché,6.28000020980835,10.6836366653442,15,15,0.597826063632965,0.811594188213348,1,1,1.0900000333786,2018,07,0,0,0,0,38.1260566711426,2018-07-01,22.7715969085693,30.6943092346191,24.4167041778564
21120090,Pluviométrica,Convencional,Huila,Palermo,2.8703,-75.491,700,10/15/1971,,Andes,Magdalena Cauca,Alto Magdalena,Río Baché,6.28000020980835,10.6836366653442,15,15,0.597826063632965,0.811594188213348,1,1,1.0900000333786,2018,08,0,0,0,0,33.918643951416,2018-08-01,6.78881931304932,17.1891326904297,6.33903217315674
21120090,Pluviométrica,Convencional,Huila,Palermo,2.8703,-75.491,700,10/15/1971,,Andes,Magdalena Cauca,Alto Magdalena,Río Baché,6.28000020980835,10.6836366653442,15,15,0.597826063632965,0.811594188213348,1,1,1.08000004291534,2018,09,57,57,61.5600024461746,0,59.2953720092774,2018-09-01,36.1089515686035,80.8464431762695,53.3715705871582
21120090,Pluviométrica,Convencional,Huila,Palermo,2.8703,-75.491,700,10/15/1971,,Andes,Magdalena Cauca,Alto Magdalena,Río Baché,6.28000020980835,10.6836366653442,15,15,0.597826063632965,0.811594188213348,1,1,1.07000005245209,2018,10,207,157,167.990008234978,3,255.351791381836,2018-10-01,218.779327392578,244.173461914063,234.320846557617
21120090,Pluviométrica,Convencional,Huila,Palermo,2.8703,-75.491,700,10/15/1971,,Andes,Magdalena Cauca,Alto Magdalena,Río Baché,6.28000020980835,10.6836366653442,15,15,0.597826063632965,0.811594188213348,1,1,1.05999994277954,2018,11,75,75,79.4999957084656,0,272.902984619141,2018-11-01,276.107727050781,230.262023925781,211.343048095703
21120090,Pluviométrica,Convencional,Huila,Palermo,2.8703,-75.491,700,10/15/1971,,Andes,Magdalena Cauca,Alto Magdalena,Río Baché,6.28000020980835,10.6836366653442,15,15,0.597826063632965,0.811594188213348,1,1,1.05999994277954,2018,12,70,0,0,1,100.00415802002,2018-12-01,28.3125076293945,50.8334999084473,28.4962043762207
21120090,Pluviométrica,Convencional,Huila,Palermo,2.8703,-75.491,700,10/15/1971,,Andes,Magdalena Cauca,Alto Magdalena,Río Baché,6.28000020980835,10.6836366653442,15,15,0.597826063632965,0.811594188213348,1,1,1.07000005245209,2019,01,130,130,139.100006818771,0,111.909675598145,2019-01-01,97.1744232177734,105.470520019531,118.365158081055
21120090,Pluviométrica,Convencional,Huila,Palermo,2.8703,-75.491,700,10/15/1971,,Andes,Magdalena Cauca,Alto Magdalena,Río Baché,6.28000020980835,10.6836366653442,15,15,0.597826063632965,0.811594188213348,1,1,1.05999994277954,2019,02,154,154,163.239991188049,0,120.05094909668,2019-02-01,134.687789916992,117.365852355957,152.049880981445
21120090,Pluviométrica,Convencional,Huila,Palermo,2.8703,-75.491,700,10/15/1971,,Andes,Magdalena Cauca,Alto Magdalena,Río Baché,6.28000020980835,10.6836366653442,15,15,0.597826063632965,0.811594188213348,1,1,1.05999994277954,2019,03,181,181,191.859989643097,0,175.114868164063,2019-03-01,199.335952758789,180.856887817383,218.297164916992
21120090,Pluviométrica,Convencional,Huila,Palermo,2.8703,-75.491,700,10/15/1971,,Andes,Magdalena Cauca,Alto Magdalena,Río Baché,6.28000020980835,10.6836366653442,15,15,0.597826063632965,0.811594188213348,1,1,1.04999995231628,2019,04,170,170,178.499991893768,1,181.676254272461,2019-04-01,169.796630859375,197.05110168457,216.102996826172
21120090,Pluviométrica,Convencional,Huila,Palermo,2.8703,-75.491,700,10/15/1971,,Andes,Magdalena Cauca,Alto Magdalena,Río Baché,6.28000020980835,10.6836366653442,15,15,0.597826063632965,0.811594188213348,1,1,1.05999994277954,2019,05,96,96,101.759994506836,2,165.160858154297,2019-05-01,126.946273803711,160.415725708008,150.212036132813
21120090,Pluviométrica,Convencional,Huila,Palermo,2.8703,-75.491,700,10/15/1971,,Andes,Magdalena Cauca,Alto Magdalena,Río Baché,6.28000020980835,10.6836366653442,15,15,0.597826063632965,0.811594188213348,1,1,1.07000005245209,2019,06,0,0,0,0,81.9214859008789,2019-06-01,55.4748840332031,64.1008911132813,55.9579162597656
21120090,Pluviométrica,Convencional,Huila,Palermo,2.8703,-75.491,700,10/15/1971,,Andes,Magdalena Cauca,Alto Magdalena,Río Baché,6.28000020980835,10.6836366653442,15,15,0.597826063632965,0.811594188213348,1,1,1.0900000333786,2019,07,0,0,0,0,25.7381095886231,2019-07-01,2.08712482452393,19.0269203186035,2.52383279800415
21120090,Pluviométrica,Convencional,Huila,Palermo,2.8703,-75.491,700,10/15/1971,,Andes,Magdalena Cauca,Alto Magdalena,Río Baché,6.28000020980835,10.6836366653442,15,15,0.597826063632965,0.811594188213348,1,1,1.0900000333786,2019,08,0,0,0,0,25.7664413452148,2019-08-01,0.483664304018021,11.7234363555908,0.499350070953369
21120090,Pluviométrica,Convencional,Huila,Palermo,2.8703,-75.491,700,10/15/1971,,Andes,Magdalena Cauca,Alto Magdalena,Río Baché,6.28000020980835,10.6836366653442,15,15,0.597826063632965,0.811594188213348,1,1,1.08000004291534,2019,09,24,24,25.9200010299683,2,119.456787109375,2019-09-01,114.462692260742,77.9242782592774,81.3601303100586
21120090,Pluviométrica,Convencional,Huila,Palermo,2.8703,-75.491,700,10/15/1971,,Andes,Magdalena Cauca,Alto Magdalena,Río Baché,6.28000020980835,10.6836366653442,15,15,0.597826063632965,0.811594188213348,1,1,1.07000005245209,2019,10,8,8,8.5600004196167,0,163.989883422852,2019-10-01,109.845718383789,117.023155212402,98.4878540039062
21120090,Pluviométrica,Convencional,Huila,Palermo,2.8703,-75.491,700,10/15/1971,,Andes,Magdalena Cauca,Alto Magdalena,Río Baché,6.28000020980835,10.6836366653442,15,15,0.597826063632965,0.811594188213348,1,1,1.05999994277954,2019,11,29,29,30.7399983406067,0,267.581787109375,2019-11-01,264.465087890625,250.033874511719,270.296691894531
21120090,Pluviométrica,Convencional,Huila,Palermo,2.8703,-75.491,700,10/15/1971,,Andes,Magdalena Cauca,Alto Magdalena,Río Baché,6.28000020980835,10.6836366653442,15,15,0.597826063632965,0.811594188213348,1,1,1.05999994277954,2019,12,22,22,23.3199987411499,0,196.811309814453,2019-12-01,231.912811279297,179.015411376953,225.173461914063
21120090,Pluviométrica,Convencional,Huila,Palermo,2.8703,-75.491,700,10/15/1971,,Andes,Magdalena Cauca,Alto Magdalena,Río Baché,6.28000020980835,10.6836366653442,15,15,0.597826063632965,0.811594188213348,1,1,1.07000005245209,2020,01,4,4,4.28000020980835,0,151.163864135742,2020-01-01,145.887908935547,88.2534332275391,86.0626754760742
21120090,Pluviométrica,Convencional,Huila,Palermo,2.8703,-75.491,700,10/15/1971,,Andes,Magdalena Cauca,Alto Magdalena,Río Baché,6.28000020980835,10.6836366653442,15,15,0.597826063632965,0.811594188213348,1,1,1.05999994277954,2020,02,10,10,10.5999994277954,2,112.117897033691,2020-02-01,125.691162109375,141.756134033203,153.55403137207
21120090,Pluviométrica,Convencional,Huila,Palermo,2.8703,-75.491,700,10/15/1971,,Andes,Magdalena Cauca,Alto Magdalena,Río Baché,6.28000020980835,10.6836366653442,15,15,0.597826063632965,0.811594188213348,1,1,1.05999994277954,2020,03,14,14,14.8399991989136,1,95.3896789550781,2020-03-01,66.0786285400391,111.888816833496,107.904113769531
21120090,Pluviométrica,Convencional,Huila,Palermo,2.8703,-75.491,700,10/15/1971,,Andes,Magdalena Cauca,Alto Magdalena,Río Baché,6.28000020980835,10.6836366653442,15,15,0.597826063632965,0.811594188213348,1,1,1.04999995231628,2020,04,6,6,6.29999971389771,0,121.729972839355,2020-04-01,99.8073196411133,86.9213180541992,77.547966003418
21120090,Pluviométrica,Convencional,Huila,Palermo,2.8703,-75.491,700,10/15/1971,,Andes,Magdalena Cauca,Alto Magdalena,Río Baché,6.28000020980835,10.6836366653442,15,15,0.597826063632965,0.811594188213348,1,1,1.05999994277954,2020,05,5,5,5.29999971389771,0,134.67658996582,2020-05-01,98.6153259277344,114.301162719727,102.878852844238
21120090,Pluviométrica,Convencional,Huila,Palermo,2.8703,-75.491,700,10/15/1971,,Andes,Magdalena Cauca,Alto Magdalena,Río Baché,6.28000020980835,10.6836366653442,15,15,0.597826063632965,0.811594188213348,1,1,1.07000005245209,2020,06,1,1,1.07000005245209,0,82.9463348388672,2020-06-01,69.3015747070313,89.2496337890625,96.9740142822266
21120090,Pluviométrica,Convencional,Huila,Palermo,2.8703,-75.491,700,10/15/1971,,Andes,Magdalena Cauca,Alto Magdalena,Río Baché,6.28000020980835,10.6836366653442,15,15,0.597826063632965,0.811594188213348,1,1,1.0900000333786,2020,07,6,6,6.54000020027161,1,68.5931091308594,2020-07-01,75.3617401123047,115.446846008301,115.582550048828
21120090,Pluviométrica,Convencional,Huila,Palermo,2.8703,-75.491,700,10/15/1971,,Andes,Magdalena Cauca,Alto Magdalena,Río Baché,6.28000020980835,10.6836366653442,15,15,0.597826063632965,0.811594188213348,1,1,1.0900000333786,2020,08,2,2,2.1800000667572,0,98.4292678833008,2020-08-01,64.950080871582,60.1691207885742,41.2409324645996
21120090,Pluviométrica,Convencional,Huila,Palermo,2.8703,-75.491,700,10/15/1971,,Andes,Magdalena Cauca,Alto Magdalena,Río Baché,6.28000020980835,10.6836366653442,15,15,0.597826063632965,0.811594188213348,1,1,1.08000004291534,2020,09,5,5,5.40000021457672,0,81.1507034301758,2020-09-01,55.894416809082,72.1987762451172,60.5394630432129
21120090,Pluviométrica,Convencional,Huila,Palermo,2.8703,-75.491,700,10/15/1971,,Andes,Magdalena Cauca,Alto Magdalena,Río Baché,6.28000020980835,10.6836366653442,15,15,0.597826063632965,0.811594188213348,1,1,1.07000005245209,2020,10,5,5,5.35000026226044,1,120.158828735352,2020-10-01,56.0472984313965,97.7497100830078,79.5318908691406
21120090,Pluviométrica,Convencional,Huila,Palermo,2.8703,-75.491,700,10/15/1971,,Andes,Magdalena Cauca,Alto Magdalena,Río Baché,6.28000020980835,10.6836366653442,15,15,0.597826063632965,0.811594188213348,1,1,1.05999994277954,2020,11,25,25,26.4999985694885,1,244.061614990234,2020-11-01,237.03889465332,249.90299987793,240.819229125977
21120090,Pluviométrica,Convencional,Huila,Palermo,2.8703,-75.491,700,10/15/1971,,Andes,Magdalena Cauca,Alto Magdalena,Río Baché,6.28000020980835,10.6836366653442,15,15,0.597826063632965,0.811594188213348,1,1,1.05999994277954,2020,12,23,23,24.3799986839294,0,170.833251953125,2020-12-01,186.367065429688,219.475509643555,236.425903320313
21120090,Pluviométrica,Convencional,Huila,Palermo,2.8703,-75.491,700,10/15/1971,,Andes,Magdalena Cauca,Alto Magdalena,Río Baché,6.28000020980835,10.6836366653442,15,15,0.597826063632965,0.811594188213348,1,1,1.07000005245209,2021,01,5,5,5.35000026226044,0,84.4796295166016,2021-01-01,63.5100364685059,90.0501022338867,83.0111999511719
21120090,Pluviométrica,Convencional,Huila,Palermo,2.8703,-75.491,700,10/15/1971,,Andes,Magdalena Cauca,Alto Magdalena,Río Baché,6.28000020980835,10.6836366653442,15,15,0.597826063632965,0.811594188213348,1,1,1.05999994277954,2021,02,51,51,54.0599970817566,0,118.467910766602,2021-02-01,126.313049316406,158.279693603516,178.066970825195
21120090,Pluviométrica,Convencional,Huila,Palermo,2.8703,-75.491,700,10/15/1971,,Andes,Magdalena Cauca,Alto Magdalena,Río Baché,6.28000020980835,10.6836366653442,15,15,0.597826063632965,0.811594188213348,1,1,1.05999994277954,2021,03,189,189,200.339989185333,0,199.356964111328,2021-03-01,239.812133789063,316.06884765625,393.403930664063
21120090,Pluviométrica,Convencional,Huila,Palermo,2.8703,-75.491,700,10/15/1971,,Andes,Magdalena Cauca,Alto Magdalena,Río Baché,6.28000020980835,10.6836366653442,15,15,0.597826063632965,0.811594188213348,1,1,1.04999995231628,2021,04,210,210,220.49998998642,0,205.066314697266,2021-04-01,193.520324707031,196.123153686523,219.239410400391
21120090,Pluviométrica,Convencional,Huila,Palermo,2.8703,-75.491,700,10/15/1971,,Andes,Magdalena Cauca,Alto Magdalena,Río Baché,6.28000020980835,10.6836366653442,15,15,0.597826063632965,0.811594188213348,1,1,1.05999994277954,2021,05,168,168,178.079990386963,0,180.767059326172,2021-05-01,144.909866333008,180.767059326172,325.235900878906
21120090,Pluviométrica,Convencional,Huila,Palermo,2.8703,-75.491,700,10/15/1971,,Andes,Magdalena Cauca,Alto Magdalena,Río Baché,6.28000020980835,10.6836366653442,15,15,0.597826063632965,0.811594188213348,1,1,1.07000005245209,2021,06,136,136,145.520007133484,0,128.096221923828,2021-06-01,108.879989624023,76.1408386230469,94.61572265625
21120090,Pluviométrica,Convencional,Huila,Palermo,2.8703,-75.491,700,10/15/1971,,Andes,Magdalena Cauca,Alto Magdalena,Río Baché,6.28000020980835,10.6836366653442,15,15,0.597826063632965,0.811594188213348,1,1,1.0900000333786,2021,07,12,12,13.0800004005432,0,41.3030891418457,2021-07-01,25.1285228729248,18.2379188537598,15.2413358688354
21120090,Pluviométrica,Convencional,Huila,Palermo,2.8703,-75.491,700,10/15/1971,,Andes,Magdalena Cauca,Alto Magdalena,Río Baché,6.28000020980835,10.6836366653442,15,15,0.597826063632965,0.811594188213348,1,1,1.0900000333786,2021,08,20,20,21.800000667572,0,95.3376312255859,2021-08-01,64.3927764892578,95.3376312255859,59.2164192199707
21120090,Pluviométrica,Convencional,Huila,Palermo,2.8703,-75.491,700,10/15/1971,,Andes,Magdalena Cauca,Alto Magdalena,Río Baché,6.28000020980835,10.6836366653442,15,15,0.597826063632965,0.811594188213348,1,1,1.08000004291534,2021,09,18,18,19.4400007724762,0,63.1167907714844,2021-09-01,40.5094223022461,51.1000518798828,50.1643676757813
21120090,Pluviométrica,Convencional,Huila,Palermo,2.8703,-75.491,700,10/15/1971,,Andes,Magdalena Cauca,Alto Magdalena,Río Baché,6.28000020980835,10.6836366653442,15,15,0.597826063632965,0.811594188213348,1,1,1.07000005245209,2021,10,249,249,266.43001306057,0,206.223419189453,2021-10-01,169.151458740234,258.030883789063,280.035827636719
21120090,Pluviométrica,Convencional,Huila,Palermo,2.8703,-75.491,700,10/15/1971,,Andes,Magdalena Cauca,Alto Magdalena,Río Baché,6.28000020980835,10.6836366653442,15,15,0.597826063632965,0.811594188213348,1,1,1.05999994277954,2021,11,403,403,427.179976940155,0,223.037475585938,2021-11-01,221.226745605469,331.936187744141,362.905151367188
21120090,Pluviométrica,Convencional,Huila,Palermo,2.8703,-75.491,700,10/15/1971,,Andes,Magdalena Cauca,Alto Magdalena,Río Baché,6.28000020980835,10.6836366653442,15,15,0.597826063632965,0.811594188213348,1,1,1.05999994277954,2021,12,113,113,119.779993534088,0,119.469718933105,2021-12-01,77.0178527832031,116.927627563477,108.731803894043
21120090,Pluviométrica,Convencional,Huila,Palermo,2.8703,-75.491,700,10/15/1971,,Andes,Magdalena Cauca,Alto Magdalena,Río Baché,6.28000020980835,10.6836366653442,15,15,0.597826063632965,0.811594188213348,1,1,1.07000005245209,2022,01,140,140,149.800007343292,0,202.109710693359,2022-01-01,200.113739013672,144.626312255859,146.361480712891
21120090,Pluviométrica,Convencional,Huila,Palermo,2.8703,-75.491,700,10/15/1971,,Andes,Magdalena Cauca,Alto Magdalena,Río Baché,6.28000020980835,10.6836366653442,15,15,0.597826063632965,0.811594188213348,1,1,1.05999994277954,2022,02,133,133,140.979992389679,0,178.092132568359,2022-02-01,214.316635131836,227.810958862305,227.390884399414
21120090,Pluviométrica,Convencional,Huila,Palermo,2.8703,-75.491,700,10/15/1971,,Andes,Magdalena Cauca,Alto Magdalena,Río Baché,6.28000020980835,10.6836366653442,15,15,0.597826063632965,0.811594188213348,1,1,1.05999994277954,2022,03,242,242,256.519986152649,0,241.822967529297,2022-03-01,285.101379394531,281.60546875,302.891296386719
21120090,Pluviométrica,Convencional,Huila,Palermo,2.8703,-75.491,700,10/15/1971,,Andes,Magdalena Cauca,Alto Magdalena,Río Baché,6.28000020980835,10.6836366653442,15,15,0.597826063632965,0.811594188213348,1,1,1.04999995231628,2022,04,159,159,166.949992418289,0,143.757232666016,2022-04-01,117.739135742188,169.992065429688,159.603424072266
21120090,Pluviométrica,Convencional,Huila,Palermo,2.8703,-75.491,700,10/15/1971,,Andes,Magdalena Cauca,Alto Magdalena,Río Baché,6.28000020980835,10.6836366653442,15,15,0.597826063632965,0.811594188213348,1,1,1.05999994277954,2022,05,50,50,52.9999971389771,0,130.021347045898,2022-05-01,95.4548645019531,149.947402954102,139.684494018555
21120090,Pluviométrica,Convencional,Huila,Palermo,2.8703,-75.491,700,10/15/1971,,Andes,Magdalena Cauca,Alto Magdalena,Río Baché,6.28000020980835,10.6836366653442,15,15,0.597826063632965,0.811594188213348,1,1,1.07000005245209,2022,06,128,128,136.960006713867,0,101.994331359863,2022-06-01,80.0910186767578,109.264190673828,112.691070556641
21120090,Pluviométrica,Convencional,Huila,Palermo,2.8703,-75.491,700,10/15/1971,,Andes,Magdalena Cauca,Alto Magdalena,Río Baché,6.28000020980835,10.6836366653442,15,15,0.597826063632965,0.811594188213348,1,1,1.0900000333786,2022,07,103,103,112.270003437996,0,63.9707527160645,2022-07-01,62.8539428710938,92.217903137207,95.6660232543945
21120090,Pluviométrica,Convencional,Huila,Palermo,2.8703,-75.491,700,10/15/1971,,Andes,Magdalena Cauca,Alto Magdalena,Río Baché,6.28000020980835,10.6836366653442,15,15,0.597826063632965,0.811594188213348,1,1,1.0900000333786,2022,08,99,99,107.910003304482,0,66.8509063720703,2022-08-01,41.0207557678223,40.2789421081543,30.657283782959
21120090,Pluviométrica,Convencional,Huila,Palermo,2.8703,-75.491,700,10/15/1971,,Andes,Magdalena Cauca,Alto Magdalena,Río Baché,6.28000020980835,10.6836366653442,15,15,0.597826063632965,0.811594188213348,1,1,1.08000004291534,2022,09,200,200,216.000008583069,0,132.397430419922,2022-09-01,104.801933288574,203.03401184082,158.733825683594
21120090,Pluviométrica,Convencional,Huila,Palermo,2.8703,-75.491,700,10/15/1971,,Andes,Magdalena Cauca,Alto Magdalena,Río Baché,6.28000020980835,10.6836366653442,15,15,0.597826063632965,0.811594188213348,1,1,1.07000005245209,2022,10,267,267,285.690014004707,0,293.939331054688,2022-10-01,280.733337402344,443.579040527344,457.15673828125
21120090,Pluviométrica,Convencional,Huila,Palermo,2.8703,-75.491,700,10/15/1971,,Andes,Magdalena Cauca,Alto Magdalena,Río Baché,6.28000020980835,10.6836366653442,15,15,0.597826063632965,0.811594188213348,1,1,1.05999994277954,2022,11,428,428,453.679975509644,0,261.868499755859,2022-11-01,274.811859130859,241.125534057617,258.5029296875
21120090,Pluviométrica,Convencional,Huila,Palermo,2.8703,-75.491,700,10/15/1971,,Andes,Magdalena Cauca,Alto Magdalena,Río Baché,6.28000020980835,10.6836366653442,15,15,0.597826063632965,0.811594188213348,1,1,1.05999994277954,2022,12,161,161,170.659990787506,0,111.33863067627,2022-12-01,52.1866264343262,96.709602355957,70.2097091674805
21120090,Pluviométrica,Convencional,Huila,Palermo,2.8703,-75.491,700,10/15/1971,,Andes,Magdalena Cauca,Alto Magdalena,Río Baché,6.28000020980835,10.6836366653442,15,15,0.597826063632965,0.811594188213348,1,1,1.07000005245209,2023,01,221,221,236.470011591911,0,253.13427734375,2023-01-01,306.606964111328,268.568176269531,291.949768066406
21120090,Pluviométrica,Convencional,Huila,Palermo,2.8703,-75.491,700,10/15/1971,,Andes,Magdalena Cauca,Alto Magdalena,Río Baché,6.28000020980835,10.6836366653442,15,15,0.597826063632965,0.811594188213348,1,1,1.05999994277954,2023,02,158,158,167.479990959167,0,77.0091552734375,2023-02-01,61.3102607727051,76.3172988891602,80.5211181640625
21120090,Pluviométrica,Convencional,Huila,Palermo,2.8703,-75.491,700,10/15/1971,,Andes,Magdalena Cauca,Alto Magdalena,Río Baché,6.28000020980835,10.6836366653442,15,15,0.597826063632965,0.811594188213348,1,1,1.05999994277954,2023,03,341,284,301.03998374939,1,227.775344848633,2023-03-01,280.778686523438,327.296264648438,370.497955322266
21120090,Pluviométrica,Convencional,Huila,Palermo,2.8703,-75.491,700,10/15/1971,,Andes,Magdalena Cauca,Alto Magdalena,Río Baché,6.28000020980835,10.6836366653442,15,15,0.597826063632965,0.811594188213348,1,1,1.04999995231628,2023,04,138,138,144.899993419647,0,240.486801147461,2023-04-01,239.863143920898,180.635879516602,181.405731201172
21120090,Pluviométrica,Convencional,Huila,Palermo,2.8703,-75.491,700,10/15/1971,,Andes,Magdalena Cauca,Alto Magdalena,Río Baché,6.28000020980835,10.6836366653442,15,15,0.597826063632965,0.811594188213348,1,1,1.05999994277954,2023,05,65,65,68.8999962806702,0,187.599349975586,2023-05-01,164.288833618164,162.662399291992,160.502258300781
21120090,Pluviométrica,Convencional,Huila,Palermo,2.8703,-75.491,700,10/15/1971,,Andes,Magdalena Cauca,Alto Magdalena,Río Baché,6.28000020980835,10.6836366653442,15,15,0.597826063632965,0.811594188213348,1,1,1.07000005245209,2023,06,1,1,1.07000005245209,0,51.2986717224121,2023-06-01,14.9530944824219,23.6209869384766,11.6261014938355
21120090,Pluviométrica,Convencional,Huila,Palermo,2.8703,-75.491,700,10/15/1971,,Andes,Magdalena Cauca,Alto Magdalena,Río Baché,6.28000020980835,10.6836366653442,15,15,0.597826063632965,0.811594188213348,1,1,1.0900000333786,2023,07,30,30,32.700001001358,0,31.1889457702637,2023-07-01,12.3989028930664,33.7518157958984,22.0597705841064
21120090,Pluviométrica,Convencional,Huila,Palermo,2.8703,-75.491,700,10/15/1971,,Andes,Magdalena Cauca,Alto Magdalena,Río Baché,6.28000020980835,10.6836366653442,15,15,0.597826063632965,0.811594188213348,1,1,1.0900000333786,2023,08,11,11,11.9900003671646,0,56.1923942565918,2023-08-01,28.7038803100586,38.2021598815918,31.2181453704834
21120090,Pluviométrica,Convencional,Huila,Palermo,2.8703,-75.491,700,10/15/1971,,Andes,Magdalena Cauca,Alto Magdalena,Río Baché,6.28000020980835,10.6836366653442,15,15,0.597826063632965,0.811594188213348,1,1,1.08000004291534,2023,09,7,7,7.56000030040741,0,44.1471557617188,2023-09-01,18.9263362884522,23.1306266784668,12.4197845458984
21120090,Pluviométrica,Convencional,Huila,Palermo,2.8703,-75.491,700,10/15/1971,,Andes,Magdalena Cauca,Alto Magdalena,Río Baché,6.28000020980835,10.6836366653442,15,15,0.597826063632965,0.811594188213348,1,1,1.07000005245209,2023,10,0,0,0,31,234.860427856445,2023-10-01,191.710098266602,150.625793457031,139.460433959961
21120090,Pluviométrica,Convencional,Huila,Palermo,2.8703,-75.491,700,10/15/1971,,Andes,Magdalena Cauca,Alto Magdalena,Río Baché,6.28000020980835,10.6836366653442,15,15,0.597826063632965,0.811594188213348,1,1,1.05999994277954,2023,11,0,0,0,30,172.809494018555,2023-11-01,152.117553710938,118.807281494141,118.113838195801
21120090,Pluviométrica,Convencional,Huila,Palermo,2.8703,-75.491,700,10/15/1971,,Andes,Magdalena Cauca,Alto Magdalena,Río Baché,6.28000020980835,10.6836366653442,15,15,0.597826063632965,0.811594188213348,1,1,1.05999994277954,2023,12,0,0,0,31,166.920211791992,2023-12-01,170.519836425781,180.801940917969,171.502792358398
